City_ID,City,Country,Date,Lat,Lng,Max Temp,Humidity,Cloudiness,Wind Speed
0,Rikitea,PF,2022-06-07 22:44:05,-23.1203,-134.9692,72.64,55,2,12.3
1,Ishurdi,BD,2022-06-07 22:44:05,24.1333,89.0833,81.28,86,100,8.9
2,Olafsvik,IS,2022-06-07 22:44:06,64.8945,-23.7142,50.32,83,100,3.62
3,Cape Town,ZA,2022-06-07 22:44:06,-33.9258,18.4232,68.38,56,0,3.44
4,Chino Valley,US,2022-06-07 22:44:06,34.7575,-112.4538,97.41,15,0,10.36
5,Nikel,RU,2022-06-07 22:44:07,69.4128,30.222,44.78,83,30,8.72
6,Salalah,OM,2022-06-07 22:44:07,17.0151,54.0924,84.29,79,40,6.91
7,Okakarara,NA,2022-06-07 22:44:07,-20.5833,17.4333,45.18,58,0,6.33
8,Jitra,MY,2022-06-07 22:44:08,6.2681,100.4217,76.91,100,20,3.44
9,Coquimbo,CL,2022-06-07 22:44:08,-29.9533,-71.3436,56.93,88,75,10.36
10,Bluff,NZ,2022-06-07 22:44:08,-46.6,168.3333,52.81,76,43,10.47
11,Port-Gentil,GA,2022-06-07 22:44:09,-0.7193,8.7815,76.96,94,20,8.05
12,Kolochava,UA,2022-06-07 22:44:09,48.4285,23.6959,57.76,90,62,3.44
13,Busselton,AU,2022-06-07 22:44:09,-33.65,115.3333,56.62,54,100,19.15
14,Albany,US,2022-06-07 22:41:06,42.6001,-73.9662,66.88,88,100,3.0
15,Nzerekore,GN,2022-06-07 22:44:10,7.7562,-8.8179,68.86,97,73,0.69
16,Barrow,US,2022-06-07 22:44:10,71.2906,-156.7887,28.42,80,100,17.27
17,Punta Arenas,CL,2022-06-07 22:44:10,-53.15,-70.9167,42.91,65,75,11.5
18,Vardo,NO,2022-06-07 22:44:11,70.3705,31.1107,42.78,87,100,9.22
19,Lewisville,US,2022-06-07 22:44:11,33.0462,-96.9942,96.73,53,20,16.11
20,Butaritari,KI,2022-06-07 22:44:12,3.0707,172.7902,80.62,80,38,12.57
21,Jamestown,US,2022-06-07 22:41:43,42.097,-79.2353,65.84,73,100,8.05
22,Kaeo,NZ,2022-06-07 22:44:13,-35.1,173.7833,57.33,97,97,4.41
23,Kodiak,US,2022-06-07 22:44:14,57.79,-152.4072,53.11,71,100,4.61
24,Whitehorse,CA,2022-06-07 22:42:45,60.7161,-135.0538,63.81,34,75,18.41
25,Hilo,US,2022-06-07 22:43:23,19.7297,-155.09,90.28,68,0,11.5
26,Terracina,IT,2022-06-07 22:44:14,41.2863,13.2217,69.58,99,3,1.99
27,Dikson,RU,2022-06-07 22:44:15,73.5069,80.5464,25.2,93,10,4.94
28,Port Alfred,ZA,2022-06-07 22:44:15,-33.5906,26.891,63.73,58,13,11.34
29,Hammerfest,NO,2022-06-07 22:44:16,70.6634,23.6821,43.25,70,75,10.36
30,Vestmannaeyjar,IS,2022-06-07 22:44:16,63.4427,-20.2734,50.05,86,100,20.76
31,Paamiut,GL,2022-06-07 22:44:16,61.994,-49.6678,36.03,89,40,4.94
32,Laguna,US,2022-06-07 22:41:01,38.421,-121.4238,95.29,27,0,10.36
33,Kulhudhuffushi,MV,2022-06-07 22:40:01,6.6221,73.07,82.17,74,98,12.75
34,Kudahuvadhoo,MV,2022-06-07 22:40:10,2.6708,72.8944,81.41,72,100,6.93
35,Miyazu,JP,2022-06-07 22:44:17,35.5333,135.1833,63.54,72,9,3.27
36,Xinzhi,CN,2022-06-07 22:44:17,36.4989,111.7047,78.62,32,41,1.88
37,Bambous Virieux,MU,2022-06-07 22:44:17,-20.3428,57.7575,71.22,88,40,6.91
38,Cherskiy,RU,2022-06-07 22:44:18,68.75,161.3,48.52,55,98,6.38
39,Ushuaia,AR,2022-06-07 22:44:18,-54.8,-68.3,44.26,57,20,12.66
40,Bathsheba,BB,2022-06-07 22:44:19,13.2167,-59.5167,83.01,78,20,24.16
41,East London,ZA,2022-06-07 22:41:43,-33.0153,27.9116,62.51,59,12,7.36
42,Albion,US,2022-06-07 22:44:19,42.2431,-84.753,72.32,48,0,8.05
43,Bredasdorp,ZA,2022-06-07 22:44:19,-34.5322,20.0403,61.39,37,0,4.52
44,Vaini,TO,2022-06-07 22:44:20,-21.2,-175.2,73.56,83,75,4.61
45,Chokurdakh,RU,2022-06-07 22:44:20,70.6333,147.9167,44.15,50,8,12.93
46,Dali,CN,2022-06-07 22:44:35,25.7,100.1833,62.67,92,100,2.82
47,Nemuro,JP,2022-06-07 22:44:21,43.3236,145.575,45.93,81,100,7.78
48,Kavieng,PG,2022-06-07 22:44:36,-2.5744,150.7967,82.85,73,91,8.61
49,Khatanga,RU,2022-06-07 22:44:36,71.9667,102.5,51.15,56,99,10.11
50,Grindavik,IS,2022-06-07 22:44:36,63.8424,-22.4338,53.55,76,75,8.05
51,Hermanus,ZA,2022-06-07 22:44:37,-34.4187,19.2345,65.73,46,0,8.84
52,Nikolskoye,RU,2022-06-07 22:44:37,59.7035,30.7861,53.87,66,45,4.34
53,Qaanaaq,GL,2022-06-07 22:44:37,77.484,-69.3632,30.34,91,76,4.0
54,Strezhevoy,RU,2022-06-07 22:44:38,60.7333,77.5889,42.3,59,8,3.65
55,San Cristobal,VE,2022-06-07 22:44:38,7.7669,-72.225,75.38,84,37,3.11
56,Bengkulu,ID,2022-06-07 22:40:59,-3.8004,102.2655,74.41,90,69,3.56
57,Atuona,PF,2022-06-07 22:44:38,-9.8,-139.0333,77.99,72,5,13.38
58,Mataura,NZ,2022-06-07 22:44:38,-46.1927,168.8643,52.48,77,37,2.66
59,Castro,BR,2022-06-07 22:39:54,-24.7911,-50.0119,58.12,98,94,0.56
60,Progreso,MX,2022-06-07 22:44:39,21.2833,-89.6667,96.91,80,99,17.52
61,Tupik,RU,2022-06-07 22:44:39,54.4253,119.9327,65.86,52,37,0.94
62,Naze,JP,2022-06-07 22:44:39,28.3667,129.4833,70.72,76,100,1.34
63,Wawa,NG,2022-06-07 22:43:10,9.9022,4.4192,79.34,62,44,4.47
64,Miramar,US,2022-06-07 22:43:54,25.9873,-80.2323,78.82,88,100,10.36
65,Easton,US,2022-06-07 22:40:46,40.6884,-75.2207,74.25,78,100,4.61
66,Talnakh,RU,2022-06-07 22:44:40,69.4865,88.3972,33.21,99,100,3.96
67,Dingle,PH,2022-06-07 22:44:40,10.9995,122.6711,79.54,83,59,2.21
68,Hobart,AU,2022-06-07 22:40:22,-42.8794,147.3294,42.26,82,40,4.61
69,Skjervoy,NO,2022-06-07 22:44:40,70.0311,20.9714,46.4,79,100,15.88
70,Caravelas,BR,2022-06-07 22:44:41,-17.7125,-39.2481,69.76,88,2,6.08
71,Mahebourg,MU,2022-06-07 22:44:41,-20.4081,57.7,71.26,88,40,6.91
72,Shache,CN,2022-06-07 22:44:41,38.4167,77.2406,74.84,25,97,5.77
73,Beloha,MG,2022-06-07 22:44:42,-25.1667,45.05,65.62,75,79,11.48
74,Hithadhoo,MV,2022-06-07 22:44:42,-0.6,73.0833,82.63,69,93,6.42
75,Husavik,IS,2022-06-07 22:44:22,66.0449,-17.3389,45.75,87,97,1.92
76,Tigil,RU,2022-06-07 22:44:42,57.8,158.6667,56.34,68,85,4.5
77,Ilulissat,GL,2022-06-07 22:44:43,69.2167,-51.1,37.78,62,10,4.03
78,Norman Wells,CA,2022-06-07 22:42:21,65.282,-126.8329,55.44,54,75,6.91
79,Longyearbyen,SJ,2022-06-07 22:40:05,78.2186,15.6401,42.64,65,75,17.27
80,Mayo,US,2022-06-07 22:44:43,38.8876,-76.5119,74.17,89,100,11.5
81,Pontian Kecil,MY,2022-06-07 22:44:43,1.4801,103.3899,77.32,85,87,4.47
82,Bohl-Iggelheim,DE,2022-06-07 22:44:43,49.3806,8.3039,61.14,79,13,4.9
83,Yellowknife,CA,2022-06-07 22:41:58,62.456,-114.3525,73.92,27,75,6.91
84,Geraldton,AU,2022-06-07 22:44:44,-28.7667,114.6,66.61,37,75,31.07
85,Port Elizabeth,ZA,2022-06-07 22:44:44,-33.918,25.5701,59.31,68,0,2.3
86,Torbay,CA,2022-06-07 22:44:45,47.6666,-52.7314,46.27,78,20,24.16
87,San Patricio,US,2022-06-07 22:44:45,28.017,-97.5169,93.92,50,4,19.46
88,Mersing,MY,2022-06-07 22:44:45,2.4312,103.8405,73.31,94,20,5.75
89,Puerto Ayora,EC,2022-06-07 22:45:01,-0.7393,-90.3518,76.96,95,78,4.0
90,Boysun,UZ,2022-06-07 22:45:01,38.2061,67.1986,70.3,22,0,5.44
91,Amuntai,ID,2022-06-07 22:45:01,-2.4177,115.2494,73.62,95,99,1.92
92,Nanortalik,GL,2022-06-07 22:45:02,60.1432,-45.2371,41.02,83,98,3.6
93,Codrington,AU,2022-06-07 22:45:02,-38.2667,141.9667,51.3,70,100,14.7
94,Severnyy,RU,2022-06-07 22:45:03,50.677,36.5532,60.84,63,0,0.0
95,Tasiilaq,GL,2022-06-07 22:45:03,65.6145,-37.6368,41.16,65,98,2.01
96,Kapoeta,SS,2022-06-07 22:45:04,4.7717,33.5903,75.97,64,99,5.75
97,Cidreira,BR,2022-06-07 22:45:04,-30.1811,-50.2056,63.3,82,96,8.55
98,Sangar,RU,2022-06-07 22:45:05,63.9242,127.4739,64.49,59,33,4.74
99,Hambantota,LK,2022-06-07 22:45:05,6.1241,81.1185,78.57,83,100,15.41
100,Arraial Do Cabo,BR,2022-06-07 22:45:05,-22.9661,-42.0278,71.46,83,0,3.44
101,Skibbereen,IE,2022-06-07 22:45:06,51.55,-9.2667,57.11,91,95,22.48
102,Ostrovnoy,RU,2022-06-07 22:45:06,68.0531,39.5131,46.9,87,91,4.72
103,Omboue,GA,2022-06-07 22:45:07,-1.5746,9.2618,74.32,93,100,4.79
104,Narsaq,GL,2022-06-07 22:45:07,60.9167,-46.05,55.62,66,25,5.23
105,Manthani,IN,2022-06-07 22:45:07,18.65,79.6667,90.93,41,85,20.51
106,Fortuna,US,2022-06-07 22:41:19,40.5982,-124.1573,68.94,66,0,11.5
107,Zumpahuacan,MX,2022-06-07 22:45:12,18.9,-99.55,78.91,41,36,6.4
108,Sisimiut,GL,2022-06-07 22:44:42,66.9395,-53.6735,41.95,53,22,8.55
109,Half Moon Bay,US,2022-06-07 22:45:13,37.4636,-122.4286,83.53,61,75,25.32
110,Santa Isabel Do Rio Negro,BR,2022-06-07 22:45:14,-0.4139,-65.0192,75.56,94,96,3.06
111,Port Hedland,AU,2022-06-07 22:45:14,-20.3167,118.5667,59.05,72,1,6.91
112,Olds,CA,2022-06-07 22:45:11,51.7834,-114.102,62.74,45,90,3.44
113,Angoche,MZ,2022-06-07 22:45:16,-16.2325,39.9086,67.64,88,2,11.7
114,Muli,MV,2022-06-07 22:45:17,2.9167,73.5667,81.01,74,98,9.6
115,Port Lincoln,AU,2022-06-07 22:45:12,-34.7333,135.8667,55.31,68,100,5.44
116,Turukhansk,RU,2022-06-07 22:45:17,65.8167,87.9833,42.31,88,65,7.45
117,Severo-Kurilsk,RU,2022-06-07 22:45:18,50.6789,156.125,45.48,83,94,10.49
118,Thompson,CA,2022-06-07 22:45:18,55.7435,-97.8558,68.16,37,75,6.91
119,Oranjemund,NA,2022-06-07 22:45:19,-28.55,16.4333,64.81,38,0,5.1
120,Gambela,ET,2022-06-07 22:45:19,8.25,34.5833,72.52,76,91,1.14
121,Ancud,CL,2022-06-07 22:45:19,-41.8697,-73.8203,51.22,89,77,13.24
122,Bar Harbor,US,2022-06-07 22:45:20,44.3876,-68.2039,65.93,74,0,8.05
123,Sharjah,AE,2022-06-07 22:45:20,25.3573,55.4033,93.18,42,0,4.61
124,Carnarvon,AU,2022-06-07 22:45:20,-24.8667,113.6333,70.74,70,100,19.82
125,Dunedin,NZ,2022-06-07 22:45:21,-45.8742,170.5036,55.8,48,100,1.99
126,Yining,CN,2022-06-07 22:45:21,29.0361,114.5636,74.59,82,80,1.25
127,Namibe,AO,2022-06-07 22:45:21,-15.1961,12.1522,72.86,52,4,5.7
128,Ahuimanu,US,2022-06-07 22:45:21,21.4447,-157.8378,87.51,59,75,18.41
129,Saint-Philippe,RE,2022-06-07 22:45:22,-21.3585,55.7679,69.39,84,55,9.75
130,Avarua,CK,2022-06-07 22:45:22,-21.2078,-159.775,80.65,69,75,9.22
131,Akureyri,IS,2022-06-07 22:45:22,65.6835,-18.0878,49.93,81,20,8.05
132,Saint Anthony,US,2022-06-07 22:42:51,45.0205,-93.218,68.97,49,100,9.22
133,Kampot,KH,2022-06-07 22:45:22,10.6167,104.1833,80.65,85,100,4.92
134,New Norfolk,AU,2022-06-07 22:45:23,-42.7826,147.0587,41.92,83,87,3.8
135,Moose Factory,CA,2022-06-07 22:45:23,51.2585,-80.6094,59.0,82,100,10.36
136,Gat,IL,2022-06-07 22:41:00,31.61,34.7642,77.4,78,0,2.17
137,San Quintin,MX,2022-06-07 22:45:39,30.4833,-115.95,68.23,69,1,13.02
138,Clyde River,CA,2022-06-07 22:45:39,70.4692,-68.5914,43.03,75,75,4.61
139,Samtredia,GE,2022-06-07 22:45:39,42.1537,42.3352,68.27,94,40,2.3
140,Mitu,CO,2022-06-07 22:45:39,1.1983,-70.1733,74.19,97,94,0.36
141,Tianpeng,CN,2022-06-07 22:45:40,30.9866,103.9393,73.87,69,100,0.87
142,Stokmarknes,NO,2022-06-07 22:45:40,68.5646,14.9108,40.98,81,75,13.8
143,Bairiki,KI,2022-06-07 22:45:40,1.3292,172.9752,86.0,70,75,10.36
144,Kahului,US,2022-06-07 22:45:41,20.8947,-156.47,89.62,56,20,18.41
145,Cairns,AU,2022-06-07 22:42:10,-16.9167,145.7667,77.07,88,100,5.75
146,Kapaa,US,2022-06-07 22:45:42,22.0752,-159.319,82.47,74,40,11.5
147,Ramhormoz,IR,2022-06-07 22:45:42,31.28,49.6035,91.36,25,0,5.57
148,Berga,NO,2022-06-07 22:43:04,60.392,5.328,63.09,88,75,16.11
149,Chulumani,BO,2022-06-07 22:45:43,-16.4096,-67.5263,61.84,96,72,2.13
150,Koutsouras,GR,2022-06-07 22:45:43,35.0339,25.9469,77.11,41,0,10.71
151,Tiznit,MA,2022-06-07 22:45:43,29.5833,-9.5,75.76,36,0,1.48
152,Pahrump,US,2022-06-07 22:42:04,36.2083,-115.9839,101.84,11,10,4.0
153,Luocheng,CN,2022-06-07 22:45:44,29.3848,104.0286,70.84,77,99,1.19
154,Georgetown,MY,2022-06-07 22:45:16,5.4112,100.3354,78.73,99,20,5.01
155,Manbij,SY,2022-06-07 22:45:44,36.5281,37.9549,69.82,73,0,11.05
156,Azogues,EC,2022-06-07 22:45:44,-2.7333,-78.8333,58.95,92,92,4.05
157,Marinette,US,2022-06-07 22:45:45,45.1,-87.6307,70.25,56,100,6.91
158,Tuatapere,NZ,2022-06-07 22:45:45,-46.1333,167.6833,50.79,79,42,0.96
159,Roald,NO,2022-06-07 22:45:45,62.5833,6.1333,55.17,81,68,21.85
160,Port Moresby,PG,2022-06-07 22:45:45,-9.4431,147.1797,80.02,83,40,2.3
161,Faanui,PF,2022-06-07 22:45:46,-16.4833,-151.75,79.18,77,22,13.38
162,Saskylakh,RU,2022-06-07 22:45:46,71.9167,114.0833,47.5,65,31,11.16
163,Itoman,JP,2022-06-07 22:45:46,26.1247,127.6694,75.97,96,75,3.44
164,Digapahandi,IN,2022-06-07 22:45:47,19.3667,84.5833,83.59,73,51,3.98
165,Whyalla,AU,2022-06-07 22:45:47,-33.0333,137.5833,55.18,59,100,9.51
166,Elizabeth City,US,2022-06-07 22:45:45,36.2946,-76.2511,82.42,66,0,13.8
167,Sao Gabriel Da Cachoeira,BR,2022-06-07 22:45:47,-0.1303,-67.0892,75.0,94,40,2.3
168,Nizhnyaya Tura,RU,2022-06-07 22:45:48,58.6293,59.8118,53.13,98,100,14.16
169,Katsuura,JP,2022-06-07 22:45:48,35.1333,140.3,62.96,88,100,15.39
170,Key Biscayne,US,2022-06-07 22:45:48,25.6937,-80.1628,77.02,94,100,0.0
171,Noumea,NC,2022-06-07 22:44:00,-22.2763,166.4572,78.78,99,96,1.54
172,Kaitangata,NZ,2022-06-07 22:45:49,-46.2817,169.8464,49.08,73,100,5.84
173,Tsuyama,JP,2022-06-07 22:45:49,35.05,134.0,61.63,68,5,1.66
174,Tual,ID,2022-06-07 22:45:49,-5.6667,132.75,82.63,71,45,4.83
175,Roma,US,2022-06-07 22:41:47,43.2128,-75.4557,68.63,88,100,8.05
176,Cabedelo,BR,2022-06-07 22:42:36,-6.9811,-34.8339,75.87,76,38,8.88
177,Hamina,FI,2022-06-07 22:45:50,60.5697,27.1979,51.08,67,50,5.95
178,Rio Gallegos,AR,2022-06-07 22:41:39,-51.6226,-69.2181,42.85,61,0,12.66
179,Burns Lake,CA,2022-06-07 22:45:50,54.2331,-125.7533,67.42,30,38,6.76
180,Ribeira Grande,PT,2022-06-07 22:45:51,38.5167,-28.7,65.68,94,99,11.3
181,Ostersund,SE,2022-06-07 22:46:06,63.1792,14.6357,57.61,71,20,10.36
182,Charlestown,AU,2022-06-07 22:46:06,-32.95,151.6667,52.11,68,7,5.99
183,Bethel,US,2022-06-07 22:46:07,41.3712,-73.414,70.47,77,100,1.99
184,Marawi,PH,2022-06-07 22:46:07,7.9986,124.2928,71.4,90,99,1.66
185,Jalingo,NG,2022-06-07 22:46:07,8.8833,11.3667,78.24,74,25,5.39
186,Peniche,PT,2022-06-07 22:46:07,39.3558,-9.3811,65.28,92,98,7.92
187,Ngunguru,NZ,2022-06-07 22:46:08,-35.6167,174.5,62.4,70,74,7.02
188,Malacacheta,BR,2022-06-07 22:46:08,-17.8422,-42.0767,61.65,55,69,2.68
189,Fulton,US,2022-06-07 22:46:09,33.7668,-84.4499,83.84,69,0,5.75
190,Saldanha,ZA,2022-06-07 22:46:09,-33.0117,17.9442,57.25,49,2,8.66
191,Meget,RU,2022-06-07 22:46:09,52.415,104.0494,36.36,76,46,2.39
192,Ulundi,ZA,2022-06-07 22:46:10,-28.3352,31.4162,55.11,65,1,4.03
193,Hamilton,US,2022-06-07 22:46:10,39.1834,-84.5333,80.24,74,40,12.66
194,Batuan,PH,2022-06-07 22:46:11,9.7808,124.1484,78.04,78,44,0.96
195,Trat,TH,2022-06-07 22:46:11,12.5,102.5,81.91,91,100,0.83
196,Kinsale,IE,2022-06-07 22:46:12,51.7075,-8.5306,56.57,94,75,13.8
197,Santa Maria,BR,2022-06-07 22:46:12,-29.6842,-53.8069,60.1,94,75,5.75
198,Jimo,CN,2022-06-07 22:46:12,36.3897,120.4622,64.18,82,0,4.47
199,Upernavik,GL,2022-06-07 22:46:12,72.7868,-56.1549,33.24,74,78,5.46
200,Kushima,JP,2022-06-07 22:46:13,31.4583,131.2333,72.73,70,59,2.04
201,Tabuk,PH,2022-06-07 22:46:13,17.4189,121.4443,76.93,85,100,1.3
202,Kidal,ML,2022-06-07 22:46:13,18.4411,1.4078,92.52,14,52,7.2
203,Alice Springs,AU,2022-06-07 22:46:14,-23.7,133.8833,38.75,93,0,0.0
204,Rawson,AR,2022-06-07 22:41:25,-43.3002,-65.1023,51.67,53,38,14.74
205,Srednekolymsk,RU,2022-06-07 22:46:14,67.45,153.6833,45.18,49,32,7.52
206,Olavarria,AR,2022-06-07 22:46:14,-36.8927,-60.3225,51.31,55,86,5.37
207,Arzgir,RU,2022-06-07 22:46:15,45.3728,44.2206,65.26,44,19,3.74
208,Kavali,IN,2022-06-07 22:46:15,14.9167,79.9833,87.17,57,53,19.6
209,Ugoofaaru,MV,2022-06-07 22:46:16,5.6667,73.0,82.18,72,100,12.1
210,Yulara,AU,2022-06-07 22:46:16,-25.2406,130.9889,46.09,64,1,9.46
211,Eirunepe,BR,2022-06-07 22:46:17,-6.6603,-69.8736,74.71,94,94,1.95
212,Bac Lieu,VN,2022-06-07 22:46:17,9.285,105.7244,79.56,86,95,6.35
213,North Bend,US,2022-06-07 22:45:09,43.4065,-124.2243,65.25,91,100,13.8
214,Nabire,ID,2022-06-07 22:46:18,-3.3667,135.4833,77.45,88,66,2.64
215,Tuktoyaktuk,CA,2022-06-07 22:46:18,69.4541,-133.0374,35.6,69,100,13.8
216,Port Hardy,CA,2022-06-07 22:42:54,50.6996,-127.4199,64.58,59,75,3.44
217,Seoul,KR,2022-06-07 22:43:20,37.5683,126.9778,67.44,61,20,8.05
218,Evensk,RU,2022-06-07 22:46:18,61.95,159.2333,50.4,73,100,11.01
219,Klaksvik,FO,2022-06-07 22:46:19,62.2266,-6.589,45.52,74,100,17.36
220,Sitka,US,2022-06-07 22:46:19,57.0531,-135.33,64.29,45,20,8.05
221,Lompoc,US,2022-06-07 22:46:19,34.6391,-120.4579,78.94,67,0,28.01
222,Sarkand,KZ,2022-06-07 22:46:20,45.41,79.9186,59.61,45,0,6.89
223,Cabo San Lucas,MX,2022-06-07 22:46:20,22.8909,-109.9124,84.61,67,9,14.32
224,Havre-Saint-Pierre,CA,2022-06-07 22:46:21,50.2334,-63.5986,62.96,25,0,4.61
225,Jining,CN,2022-06-07 22:46:21,35.405,116.5814,74.16,45,8,14.34
226,Holme,DK,2022-06-07 22:46:22,56.1138,10.1725,54.97,91,99,15.41
227,Buala,SB,2022-06-07 22:46:22,-8.145,159.5921,82.53,79,81,11.39
228,Esmeraldas,BR,2022-06-07 22:46:37,-19.7625,-44.3139,70.66,55,16,0.76
229,Cardinal,CA,2022-06-07 22:45:42,44.7834,-75.3826,65.64,100,100,12.66
230,Touros,BR,2022-06-07 22:46:38,-5.1989,-35.4608,76.26,81,100,9.26
231,Lebu,CL,2022-06-07 22:46:38,-37.6167,-73.65,52.81,92,37,1.57
232,Camopi,GF,2022-06-07 22:46:38,3.1655,-52.3158,72.52,99,72,3.24
233,Mbaiki,CF,2022-06-07 22:46:39,3.8678,17.9892,70.21,96,91,4.18
234,Carlsbad,US,2022-06-07 22:46:39,33.1581,-117.3506,88.84,77,100,10.36
235,Leh,IN,2022-06-07 22:46:39,34.1667,77.5833,50.02,57,52,4.61
236,Necochea,AR,2022-06-07 22:46:39,-38.5473,-58.7368,56.57,56,92,11.68
237,Gorlitz,DE,2022-06-07 22:46:40,51.1552,14.9885,57.97,98,100,6.31
238,Iquique,CL,2022-06-07 22:43:58,-20.2208,-70.1431,62.64,87,50,0.34
239,Kurchum,KZ,2022-06-07 22:46:40,48.5722,83.6542,56.14,54,50,6.31
240,Tautira,PF,2022-06-07 22:46:40,-17.7333,-149.15,78.31,77,28,10.22
241,Jalu,LY,2022-06-07 22:46:41,29.0331,21.5482,79.77,48,0,12.15
242,Puerto Lleras,CO,2022-06-07 22:46:41,3.0223,-73.4044,73.4,93,80,1.3
243,Provideniya,RU,2022-06-07 22:46:12,64.3833,-173.3,39.31,87,29,8.95
244,Ibiracu,BR,2022-06-07 22:46:41,-19.8319,-40.3697,72.81,62,43,2.62
245,Turbat,PK,2022-06-07 22:46:42,26.0023,63.044,81.18,71,0,8.28
246,Pitimbu,BR,2022-06-07 22:46:42,-7.4706,-34.8086,75.79,79,58,7.85
247,Huimanguillo,MX,2022-06-07 22:46:42,17.85,-93.3833,89.47,58,100,4.47
248,Tocopilla,CL,2022-06-07 22:46:43,-22.092,-70.1979,62.6,77,24,0.72
249,Te Anau,NZ,2022-06-07 22:46:43,-45.4167,167.7167,49.57,83,61,3.62
250,Cayenne,GF,2022-06-07 22:46:43,4.9333,-52.3333,80.1,1,20,4.61
251,Mar Del Plata,AR,2022-06-07 22:45:24,-38.0023,-57.5575,58.08,73,0,16.11
252,Sobolevo,RU,2022-06-07 22:46:44,54.4299,31.8996,57.36,85,58,4.59
253,Aloleng,PH,2022-06-07 22:46:44,16.1307,119.7824,82.26,76,100,4.45
254,Taitung,TW,2022-06-07 22:46:44,22.7583,121.1444,77.27,100,75,1.14
255,Stavern,NO,2022-06-07 22:46:45,59.0,10.0333,58.3,95,100,9.95
256,Marietta,US,2022-06-07 22:45:00,33.9526,-84.5499,82.08,80,100,5.75
257,General Roca,AR,2022-06-07 22:46:45,-39.0333,-67.5833,54.63,53,29,9.6
258,Ambon,ID,2022-06-07 22:46:45,-3.6954,128.1814,77.14,94,20,1.14
259,Fos-Sur-Mer,FR,2022-06-07 22:46:46,43.4377,4.9446,75.11,43,0,11.5
260,Atasu,KZ,2022-06-07 22:46:46,48.6814,71.6433,67.39,26,44,11.34
261,Trinidad,BO,2022-06-07 22:46:46,-14.8333,-64.9,76.98,78,100,4.61
262,Birao,CF,2022-06-07 22:46:46,10.2849,22.7882,82.45,47,70,6.08
263,Nome,US,2022-06-07 22:45:13,64.5011,-165.4064,73.17,37,0,12.66
264,Mwinilunga,ZM,2022-06-07 22:46:47,-11.7358,24.4293,53.44,67,0,8.72
265,Lewistown,US,2022-06-07 22:46:47,40.5992,-77.5714,71.26,100,75,6.91
266,Shakawe,BW,2022-06-07 22:46:48,-18.3667,21.85,49.24,58,0,5.95
267,Catamarca,AR,2022-06-07 22:46:48,-28.4696,-65.7852,63.77,49,1,1.01
268,Sarangani,PH,2022-06-07 22:46:48,5.4033,125.4636,82.04,74,100,3.24
269,Denia,ES,2022-06-07 22:46:49,38.8408,0.1057,74.8,85,44,1.99
270,Biltine,TD,2022-06-07 22:46:49,14.5333,20.9167,89.13,14,4,14.34
271,Am Timan,TD,2022-06-07 22:46:49,11.0297,20.2827,86.63,36,59,5.93
272,Porto Real Do Colegio,BR,2022-06-07 22:47:04,-10.1858,-36.84,70.61,90,34,3.53
273,Ponta Do Sol,PT,2022-06-07 22:47:05,32.6667,-17.1,74.03,83,0,2.28
274,Nikki,BJ,2022-06-07 22:47:05,9.9401,3.2108,74.7,79,52,4.61
275,Kieta,PG,2022-06-07 22:47:05,-6.2167,155.6333,78.26,87,100,0.63
276,Inhambane,MZ,2022-06-07 22:47:06,-23.865,35.3833,66.51,72,41,8.79
277,Fairview,US,2022-06-07 22:46:35,40.8126,-73.999,73.22,73,40,19.57
278,Jiayuguan,CN,2022-06-07 22:47:06,39.8167,98.3,63.12,20,72,4.81
279,Balaguer,ES,2022-06-07 22:47:06,41.7912,0.8109,72.36,79,57,9.57
280,Zhigansk,RU,2022-06-07 22:46:09,66.7697,123.3711,57.49,77,8,13.18
281,Loubomo,CG,2022-06-07 22:47:07,-4.1997,12.6739,70.29,89,100,4.23
282,Krasnoselkup,RU,2022-06-07 22:47:07,65.7,82.4667,47.37,73,100,8.68
283,Mogadishu,SO,2022-06-07 22:47:07,2.0371,45.3438,78.78,81,60,19.37
284,Tallahassee,US,2022-06-07 22:46:59,30.4383,-84.2807,93.04,56,75,3.44
285,Poum,NC,2022-06-07 22:47:08,-20.2333,164.0167,77.76,75,100,16.78
286,Sarishabari,BD,2022-06-07 22:47:08,24.7333,89.8333,81.1,90,94,10.25
287,Sao Joao Da Barra,BR,2022-06-07 22:47:09,-21.6403,-41.0511,71.37,70,64,3.91
288,Jieshi,CN,2022-06-07 22:47:09,22.8134,115.8257,78.57,87,100,4.92
289,Paciran,ID,2022-06-07 22:47:09,-6.8767,112.3761,79.47,85,91,6.17
290,Yeppoon,AU,2022-06-07 22:47:10,-23.1333,150.7333,58.78,50,9,8.61
291,Ayagoz,KZ,2022-06-07 22:47:10,47.9714,80.4392,55.74,46,1,5.59
292,Vostok,RU,2022-06-07 22:47:11,46.4856,135.8833,59.16,69,100,2.1
293,Dondaicha,IN,2022-06-07 22:47:11,21.3333,74.5667,83.21,71,7,23.35
294,Arlit,NE,2022-06-07 22:47:11,18.7369,7.3853,91.62,11,82,10.85
295,Odoyev,RU,2022-06-07 22:47:12,53.9393,36.6864,50.23,80,8,2.21
296,Flinders,AU,2022-06-07 22:47:12,-34.5833,150.8552,51.19,63,2,11.01
297,Onufriyivka,UA,2022-06-07 22:47:13,48.9072,33.4487,63.5,69,52,5.08
298,Santa Rosa,PH,2022-06-07 22:47:13,14.3122,121.1114,83.08,79,99,0.96
299,Ipixuna,BR,2022-06-07 22:47:13,-1.7625,-48.8043,73.78,97,100,3.27
300,Sao Filipe,CV,2022-06-07 22:47:14,14.8961,-24.4956,74.3,77,3,6.08
301,Kununurra,AU,2022-06-07 22:47:14,-15.7667,128.7333,75.18,50,75,8.05
302,Kharp,RU,2022-06-07 22:47:15,66.8014,65.8081,56.95,48,8,3.69
303,Chardara,KZ,2022-06-07 22:47:15,41.2547,67.9692,76.5,32,0,3.31
304,Lavrentiya,RU,2022-06-07 22:46:05,65.5833,-171.0,43.72,64,31,1.28
305,Nyagan,RU,2022-06-07 22:47:16,62.1406,65.3936,44.89,73,26,6.6
306,Soyo,AO,2022-06-07 22:47:17,-6.1349,12.3689,73.26,90,100,4.72
307,Vetluzhskiy,RU,2022-06-07 22:47:17,58.3902,45.4654,47.61,97,100,12.19
308,Litovko,RU,2022-06-07 22:47:17,49.2361,135.1742,64.06,81,82,2.42
309,Kruisfontein,ZA,2022-06-07 22:45:55,-34.0033,24.7314,60.8,35,0,8.61
310,Viedma,AR,2022-06-07 22:47:18,-40.8135,-62.9967,50.41,62,76,5.14
311,Pevek,RU,2022-06-07 22:47:18,69.7008,170.3133,37.63,77,18,3.58
312,Tessalit,ML,2022-06-07 22:47:18,20.1986,1.0114,89.94,19,48,5.3
313,Marsh Harbour,BS,2022-06-07 22:47:19,26.5412,-77.0636,80.02,75,100,9.75
314,Praia Da Vitoria,PT,2022-06-07 22:47:19,38.7333,-27.0667,71.85,83,40,7.02
315,Tezu,IN,2022-06-07 22:47:19,27.9167,96.1667,76.5,84,100,2.01
316,Brumado,BR,2022-06-07 22:47:20,-14.2036,-41.6653,69.73,44,37,2.57
317,Ulaangom,MN,2022-06-07 22:47:20,49.9811,92.0667,52.59,53,40,1.61
318,Fomboni,KM,2022-06-07 22:47:20,-12.28,43.7425,78.1,71,4,14.41
319,Sinnamary,GF,2022-06-07 22:47:21,5.3833,-52.95,77.11,84,66,11.1
320,Lhokseumawe,ID,2022-06-07 22:47:36,5.1801,97.1507,76.75,86,100,2.77
321,Yaan,NG,2022-06-07 22:47:36,7.3833,8.5667,77.05,78,68,8.59
322,Itarema,BR,2022-06-07 22:47:37,-2.9248,-39.9167,76.08,89,99,8.46
323,Saint-Joseph,RE,2022-06-07 22:47:37,-21.3667,55.6167,68.38,82,28,9.8
324,Verkh-Usugli,RU,2022-06-07 22:47:37,52.7,115.1667,58.15,68,46,2.24
325,Abalak,RU,2022-06-07 22:47:38,58.1286,68.5944,48.63,88,100,14.43
326,Fairbanks,US,2022-06-07 22:47:38,64.8378,-147.7164,75.02,28,0,10.36
327,Souillac,MU,2022-06-07 22:47:13,-20.5167,57.5167,70.18,88,40,6.91
328,Ankazoabo,MG,2022-06-07 22:47:38,-22.2833,44.5167,62.89,75,17,6.04
329,Puerto Lempira,HN,2022-06-07 22:47:39,15.2667,-83.7667,78.94,78,75,13.8
330,Hluti,SZ,2022-06-07 22:47:39,-27.2167,31.6167,54.18,65,0,3.74
331,Bol,TD,2022-06-07 22:47:39,13.4586,14.7147,83.91,48,1,9.42
332,Caraballeda,VE,2022-06-07 22:47:39,10.6112,-66.8522,86.07,74,40,4.61
333,Acapulco,MX,2022-06-07 22:47:27,16.8634,-99.8901,83.23,71,95,9.69
334,Talara,PE,2022-06-07 22:47:40,-4.5772,-81.2719,66.96,82,100,10.36
335,Chimbote,PE,2022-06-07 22:45:07,-9.0853,-78.5783,65.82,78,16,7.05
336,Elk River,US,2022-06-07 22:47:40,45.3038,-93.5672,70.27,49,96,1.99
337,Bongandanga,CD,2022-06-07 22:47:40,1.5,21.05,73.96,83,93,1.59
338,Sakakah,SA,2022-06-07 22:47:41,29.9697,40.2064,85.57,21,0,5.03
339,Conceicao Do Araguaia,BR,2022-06-07 22:47:41,-8.2578,-49.2647,80.11,52,49,3.58
340,Sola,VU,2022-06-07 22:47:41,-13.8833,167.55,81.48,68,87,21.94
341,Bilibino,RU,2022-06-07 22:47:42,68.0546,166.4372,48.38,58,80,9.19
342,Abonnema,NG,2022-06-07 22:47:42,4.7084,6.7931,76.05,90,100,3.78
343,Berdigestyakh,RU,2022-06-07 22:47:42,62.0989,126.6992,68.49,50,75,4.27
344,Norwich,GB,2022-06-07 22:47:43,52.6278,1.2983,59.22,93,75,4.61
345,Hungund,IN,2022-06-07 22:47:43,16.0667,76.05,78.78,70,100,18.01
346,Prado,BR,2022-06-07 22:47:43,-17.3411,-39.2208,71.85,84,3,8.23
347,Alofi,NU,2022-06-07 22:47:44,-19.0595,-169.9187,78.69,69,40,8.05
348,Tiksi,RU,2022-06-07 22:47:44,71.6872,128.8694,39.15,85,44,6.98
349,Diapaga,BF,2022-06-07 22:47:44,12.0708,1.7889,80.83,64,29,7.2
350,Yumen,CN,2022-06-07 22:47:44,40.2833,97.2,64.09,22,80,3.91
351,Itapirapua,BR,2022-06-07 22:47:45,-15.8233,-50.6133,76.6,41,14,1.03
352,Flin Flon,CA,2022-06-07 22:43:33,54.7682,-101.865,67.84,28,75,5.75
353,Ginir,ET,2022-06-07 22:47:45,7.1333,40.7,56.8,87,100,6.15
354,Evansville,US,2022-06-07 22:42:56,37.9748,-87.5558,82.45,76,100,4.61
355,Pangnirtung,CA,2022-06-07 22:47:45,66.1451,-65.7125,42.8,81,40,9.22
356,Jinka,ET,2022-06-07 22:47:46,5.65,36.65,59.85,86,48,3.09
357,Saint-Augustin,CA,2022-06-07 22:47:46,51.226,-58.6502,59.52,35,3,6.44
358,Ouesso,CG,2022-06-07 22:47:46,1.6136,16.0517,70.93,90,100,2.48
359,Rocha,UY,2022-06-07 22:47:47,-34.4833,-54.3333,52.12,92,32,4.76
360,Boralday,KZ,2022-06-07 22:47:47,43.3578,76.8594,57.06,77,0,2.24
361,Alpena,US,2022-06-07 22:47:47,45.0617,-83.4327,64.72,67,100,5.99
362,Piacabucu,BR,2022-06-07 22:47:48,-10.4056,-36.4344,74.07,86,34,7.38
363,Pisco,PE,2022-06-07 22:45:04,-13.7,-76.2167,64.45,82,100,10.36
364,Acajutla,SV,2022-06-07 22:47:48,13.5928,-89.8275,81.25,73,100,7.07
365,Odweyne,SO,2022-06-07 22:48:04,9.4092,45.064,71.67,58,100,18.68
366,Bahia Blanca,AR,2022-06-07 22:48:04,-38.7196,-62.2724,55.02,58,56,8.28
367,Makinsk,KZ,2022-06-07 22:48:04,52.6292,70.4169,66.52,49,100,13.49
368,Vila Velha,BR,2022-06-07 22:46:26,-20.3297,-40.2925,73.94,63,0,4.61
369,Mackay,AU,2022-06-07 22:45:30,-21.15,149.2,65.68,58,0,16.87
370,Vila Franca Do Campo,PT,2022-06-07 22:48:05,37.7167,-25.4333,69.19,95,99,6.64
371,Radhanpur,IN,2022-06-07 22:48:05,23.8333,71.6,84.13,70,3,14.9
372,Mangai,CD,2022-06-07 22:44:23,-4.05,19.5333,68.7,56,65,1.41
373,Fier,AL,2022-06-07 22:48:06,40.7239,19.5561,69.89,82,2,5.59
374,Venado Tuerto,AR,2022-06-07 22:48:06,-33.7456,-61.9688,51.76,54,62,6.42
375,Punto Fijo,VE,2022-06-07 22:43:59,11.6956,-70.1996,81.72,76,92,31.07
376,Yaval,IN,2022-06-07 22:48:07,21.1667,75.7,83.5,68,13,18.39
377,Kamakwie,SL,2022-06-07 22:48:07,9.5,-12.2333,74.59,91,92,3.4
378,Palmer,US,2022-06-07 22:47:57,42.1584,-72.3287,73.81,59,100,18.41
379,Tarko-Sale,RU,2022-06-07 22:48:07,64.9225,77.785,51.87,56,23,18.5
380,Belaya Gora,RU,2022-06-07 22:48:08,68.5333,146.4167,50.13,38,8,11.01
381,Avera,US,2022-06-07 22:48:08,33.194,-82.5271,87.55,56,96,5.03
382,Barquisimeto,VE,2022-06-07 22:47:36,10.0739,-69.3228,76.32,68,64,5.68
383,Tariba,VE,2022-06-07 22:48:08,7.8188,-72.2243,75.76,86,43,3.09
384,Bluefield,US,2022-06-07 22:43:50,37.2698,-81.2223,74.79,73,75,9.22
385,Thomaston,US,2022-06-07 22:48:09,32.8882,-84.3266,87.58,54,0,3.44
386,Tongliao,CN,2022-06-07 22:48:09,43.6125,122.2653,57.69,82,91,6.42
387,Hay River,CA,2022-06-07 22:48:10,60.8156,-115.7999,62.58,42,20,11.5
388,Ketchikan,US,2022-06-07 22:48:10,55.3422,-131.6461,63.07,59,0,9.22
389,Faya,SA,2022-06-07 22:48:10,18.3851,42.4509,68.11,21,94,3.13
390,Atambua,ID,2022-06-07 22:48:11,-9.1061,124.8925,74.44,81,98,3.8
391,Vikindu,TZ,2022-06-07 22:48:11,-7.0067,39.2985,73.04,88,20,0.0
392,Bud,US,2022-06-07 22:48:11,39.447,-86.1758,80.55,82,96,8.05
393,Mizdah,LY,2022-06-07 22:48:12,31.4451,12.9801,84.18,23,65,5.79
394,Bereda,ES,2022-06-07 22:48:12,43.2686,-7.5406,64.58,99,100,2.39
395,Marienburg,PL,2022-06-07 22:48:12,54.0359,19.0266,64.11,89,100,5.21
396,Xining,CN,2022-06-07 22:48:13,36.6167,101.7667,52.5,79,64,2.77
397,Monrovia,LR,2022-06-07 22:45:08,6.3005,-10.7969,77.54,80,35,6.29
398,Esperance,AU,2022-06-07 22:48:13,-33.8667,121.9,49.53,74,63,8.3
399,Porto Walter,BR,2022-06-07 22:48:14,-8.2686,-72.7439,75.42,89,94,2.13
400,Karratha,AU,2022-06-07 22:48:14,-20.7377,116.8463,64.87,49,96,15.05
401,Khorixas,NA,2022-06-07 22:48:14,-20.3667,14.9667,59.54,30,0,10.45
402,Los Llanos De Aridane,ES,2022-06-07 22:48:15,28.6585,-17.9182,65.95,86,0,12.66
403,Menzelinsk,RU,2022-06-07 22:48:15,55.7271,53.1026,51.1,96,100,22.75
404,Sambava,MG,2022-06-07 22:48:16,-14.2667,50.1667,69.98,83,29,9.69
405,Ternate,ID,2022-06-07 22:48:16,0.8,127.4,80.55,79,20,3.53
406,Batavia,US,2022-06-07 22:48:17,41.85,-88.3126,77.14,55,0,4.61
407,Lichinga,MZ,2022-06-07 22:48:17,-13.3128,35.2406,53.69,94,0,8.05
408,Amapa,BR,2022-06-07 22:48:17,1.0,-52.0,72.34,98,65,2.24
409,Saint-Pierre,RE,2022-06-07 22:48:18,-21.3393,55.4781,69.48,68,7,3.44
410,Wageningen,NL,2022-06-07 22:48:18,51.9667,5.6667,58.95,88,75,2.3
411,Hami,CN,2022-06-07 22:48:34,42.8,93.45,71.47,19,74,16.93
412,San Policarpo,PH,2022-06-07 22:48:34,12.1791,125.5072,80.19,85,62,4.32
413,Kiama,AU,2022-06-07 22:47:56,-34.6833,150.8667,51.39,62,1,13.0
414,Synya,RU,2022-06-07 22:48:34,65.3718,58.0387,52.9,53,43,4.36
415,Makubetsu,JP,2022-06-07 22:48:35,45.3714,141.8211,48.79,71,28,12.82
416,Kutum,SD,2022-06-07 22:48:35,14.2,24.6667,79.52,16,46,11.77
417,Sidoarjo,ID,2022-06-07 22:48:35,-7.4478,112.7183,76.96,94,40,3.44
418,Olginskaya,RU,2022-06-07 22:48:36,47.1879,39.9492,68.94,51,7,7.85
419,Gidam,IN,2022-06-07 22:48:36,18.9833,81.4,80.35,48,13,3.44
420,Hall,US,2022-06-07 22:48:37,34.3168,-83.7832,82.06,72,65,4.74
421,Ambatofinandrahana,MG,2022-06-07 22:48:37,-20.55,46.8,53.04,91,51,3.8
422,Egvekinot,RU,2022-06-07 22:48:37,66.3167,-179.1667,44.28,43,78,4.12
423,Hofn,IS,2022-06-07 22:48:37,64.2539,-15.2082,48.25,89,98,4.25
424,Ishigaki,JP,2022-06-07 22:48:38,24.3448,124.1572,77.13,100,100,4.61
425,Hovd,MN,2022-06-07 22:48:38,48.0056,91.6419,49.01,65,28,1.95
426,Kloulklubed,PW,2022-06-07 22:48:38,7.0419,134.2556,79.3,73,41,10.36
427,Qidong,CN,2022-06-07 22:48:38,31.8128,121.6561,68.94,76,93,7.43
428,Kurilsk,RU,2022-06-07 22:48:39,45.2333,147.8833,44.24,78,80,3.56
429,Camacha,PT,2022-06-07 22:48:39,33.0833,-16.3333,63.82,82,40,11.5
430,Sur,OM,2022-06-07 22:48:39,22.5667,59.5289,85.35,64,3,9.95
431,Kanniyakumari,IN,2022-06-07 22:48:39,8.0833,77.5667,79.3,84,100,17.83
432,Karakol,KG,2022-06-07 22:48:40,42.4907,78.3936,51.3,33,0,5.91
433,Artigas,UY,2022-06-07 22:48:40,-30.4,-56.4667,59.18,94,96,6.33
434,Malaya Serdoba,RU,2022-06-07 22:48:40,52.4661,44.9512,48.65,77,4,8.39
435,Chapais,CA,2022-06-07 22:48:41,49.7834,-74.8492,55.18,96,100,12.86
436,Jaumave,MX,2022-06-07 22:48:41,23.4167,-99.3833,94.44,21,67,9.53
437,Lucapa,AO,2022-06-07 22:48:41,-8.4192,20.7447,62.76,48,21,4.99
438,Wanning,CN,2022-06-07 22:48:42,18.8003,110.3967,80.37,86,99,10.11
439,Omaruru,NA,2022-06-07 22:48:42,-21.4333,15.9333,52.41,45,0,7.63
440,College,US,2022-06-07 22:48:42,64.8569,-147.8028,75.0,28,20,10.36
441,Banda Aceh,ID,2022-06-07 22:48:43,5.5577,95.3222,80.38,79,100,6.73
442,Kavaratti,IN,2022-06-07 22:48:43,10.5669,72.642,83.1,72,100,13.04
443,Maragogi,BR,2022-06-07 22:48:43,-9.0122,-35.2225,74.68,88,25,4.07
444,Boyolangu,ID,2022-06-07 22:48:44,-8.1181,111.8935,74.89,91,96,3.71
445,Airai,TL,2022-06-07 22:48:44,-8.9266,125.4092,62.31,79,98,3.22
446,Tornabe,HN,2022-06-07 22:48:44,15.75,-87.55,87.78,70,75,4.61
447,Sandwick,GB,2022-06-07 22:48:45,60.0,-1.25,49.82,76,75,20.71
448,Beira,MZ,2022-06-07 22:48:45,-19.8436,34.8389,71.69,73,100,16.11
449,Beringovskiy,RU,2022-06-07 22:48:47,63.05,179.3167,38.28,77,68,6.93
450,Saint George,US,2022-06-07 22:48:47,37.1041,-113.5841,104.63,11,0,5.75
451,Dana Point,US,2022-06-07 22:45:47,33.467,-117.6981,89.91,76,28,4.0
452,Varkkallai,IN,2022-06-07 22:48:48,8.7341,76.7067,80.38,89,100,7.38
453,Victoria,HK,2022-06-07 22:45:11,22.2855,114.1577,81.32,92,100,10.0
454,Taicheng,CN,2022-06-07 22:48:48,38.731,113.228,59.56,67,13,2.86
455,Sao Miguel Do Araguaia,BR,2022-06-07 22:48:48,-13.275,-50.1628,75.2,42,5,3.8
456,Awjilah,LY,2022-06-07 22:48:49,29.1081,21.2869,78.76,51,0,11.3
457,Krasnovishersk,RU,2022-06-07 22:49:04,60.4078,57.082,53.17,65,100,14.61
458,Haines Junction,CA,2022-06-07 22:49:04,60.7522,-137.5108,58.95,36,38,5.75
459,Severiano Melo,BR,2022-06-07 22:49:04,-5.7772,-37.9578,76.8,78,99,5.61
460,Khvalynsk,RU,2022-06-07 22:49:05,52.4906,48.1058,52.36,73,0,12.97
461,Samfya,ZM,2022-06-07 22:45:14,-11.3649,29.5565,52.56,92,0,7.29
462,Hobyo,SO,2022-06-07 22:49:05,5.3505,48.5268,81.01,66,91,20.2
463,Payo,ID,2022-06-07 22:44:25,-3.7508,103.6372,72.45,96,98,1.59
464,Pimentel,PE,2022-06-07 22:49:06,-6.8367,-79.9342,68.29,64,40,19.57
465,Aldergrove,CA,2022-06-07 22:49:06,49.058,-122.4709,78.08,56,75,2.3
466,Maraa,BR,2022-06-07 22:49:07,-1.8333,-65.3667,77.41,80,98,2.75
467,Chuy,UY,2022-06-07 22:49:07,-33.6971,-53.4616,53.87,93,22,4.92
468,Warri,NG,2022-06-07 22:49:07,5.5167,5.75,75.92,92,100,3.98
469,Wattegama,LK,2022-06-07 22:49:08,6.7989,81.4808,75.79,79,100,6.91
470,Lata,PT,2022-06-07 22:49:08,40.1629,-8.3327,58.01,91,99,1.32
471,Kenora,CA,2022-06-07 22:46:49,49.8167,-94.4337,68.97,32,40,8.05
472,Bogalusa,US,2022-06-07 22:49:09,30.791,-89.8487,93.25,43,0,5.75
473,Zhanaozen,KZ,2022-06-07 22:49:09,43.3,52.8,68.81,41,56,13.09
474,Yar-Sale,RU,2022-06-07 22:49:09,66.8333,70.8333,52.11,49,10,6.8
475,Kanpur,IN,2022-06-07 22:49:10,26.4667,80.35,93.22,15,1,1.63
476,Nelson Bay,AU,2022-06-07 22:49:10,-32.7167,152.15,51.12,66,0,4.0
477,Nokaneng,BW,2022-06-07 22:49:10,-19.6667,22.2667,51.4,44,0,7.34
478,Waipawa,NZ,2022-06-07 22:49:11,-41.4122,175.5153,57.15,76,13,13.71
479,Moron,AR,2022-06-07 22:49:11,-34.6534,-58.6198,52.97,100,100,6.91
480,Namatanai,PG,2022-06-07 22:49:12,-3.6667,152.4333,81.63,75,99,5.26
481,Benjamin Constant,BR,2022-06-07 22:49:12,-4.3831,-70.0311,78.93,88,40,3.44
482,Alyangula,AU,2022-06-07 22:49:12,-13.8483,136.4192,77.99,63,97,20.51
483,Savannah Bight,HN,2022-06-07 22:49:13,16.45,-85.85,82.74,85,73,28.07
484,Kuching,MY,2022-06-07 22:49:13,1.55,110.3333,75.42,94,40,2.3
485,Taoudenni,ML,2022-06-07 22:49:14,22.6783,-3.9836,98.28,13,72,5.08
486,Batemans Bay,AU,2022-06-07 22:49:14,-35.7167,150.1833,51.1,53,6,8.3
487,Carballo,ES,2022-06-07 22:49:15,43.213,-8.691,64.87,89,100,4.83
488,Trofors,NO,2022-06-07 22:49:15,65.5333,13.4063,41.09,75,58,4.83
489,Luganville,VU,2022-06-07 22:49:16,-15.5333,167.1667,82.67,63,45,10.58
490,Parry Sound,CA,2022-06-07 22:48:22,45.3501,-80.033,55.45,88,100,8.37
491,Arman,RU,2022-06-07 22:49:16,59.7,150.1667,61.02,51,22,3.96
492,Vao,NC,2022-06-07 22:49:16,-22.6667,167.4833,75.33,72,97,14.92
493,Urumqi,CN,2022-06-07 22:48:02,43.801,87.6005,65.35,45,0,6.71
494,Andenes,NO,2022-06-07 22:49:18,69.3143,16.1194,39.18,87,75,21.85
495,Semey,KZ,2022-06-07 22:49:18,50.4111,80.2275,53.82,66,0,6.71
496,Tura,IN,2022-06-07 22:49:18,25.5198,90.2201,73.15,98,100,4.21
497,Luderitz,NA,2022-06-07 22:49:19,-26.6481,15.1594,67.93,31,0,6.24
498,San Jeronimo,PE,2022-06-07 22:49:19,-11.9472,-75.2829,53.17,67,40,4.9
499,Seminole,US,2022-06-07 22:49:19,28.7086,-81.2081,91.38,69,0,12.66
500,Eldama Ravine,KE,2022-06-07 22:49:20,0.0516,35.7308,55.72,92,99,2.1
501,Itacarambi,BR,2022-06-07 22:49:20,-15.1022,-44.0919,68.49,38,16,0.4
502,Punta Alta,AR,2022-06-07 22:49:20,-38.8759,-62.0736,54.68,63,70,8.46
503,Qui Nhon,VN,2022-06-07 22:46:33,13.7667,109.2333,80.46,76,100,5.28
504,Qasigiannguit,GL,2022-06-07 22:49:36,68.8193,-51.1922,36.37,72,12,2.84
505,Nkhata Bay,MW,2022-06-07 22:49:36,-11.6066,34.2907,66.92,79,67,12.55
506,Antalaha,MG,2022-06-07 22:49:37,-14.9003,50.2788,70.14,84,75,7.49
507,Adelaide,AU,2022-06-07 22:49:37,-34.9333,138.6,48.85,90,40,5.75
508,Tevriz,RU,2022-06-07 22:49:37,57.509,72.4042,46.11,77,100,9.28
509,Krasnofarfornyy,RU,2022-06-07 22:49:38,59.1364,31.8502,49.68,64,42,4.63
510,Chadiza,ZM,2022-06-07 22:49:38,-14.0678,32.4392,53.85,94,90,5.39
511,Berlevag,NO,2022-06-07 22:45:53,70.8578,29.0864,42.75,75,100,14.97
512,Aanekoski,FI,2022-06-07 22:49:38,62.6946,25.818,51.67,78,56,1.72
513,Apac,UG,2022-06-07 22:49:38,1.9756,32.5386,65.23,95,100,4.25
514,Buchanan,LR,2022-06-07 22:49:39,5.8808,-10.0467,77.95,81,60,5.01
515,Champasak,LA,2022-06-07 22:49:39,14.75,106.0,72.54,99,100,1.66
516,Kismayo,SO,2022-06-07 22:49:39,-0.3582,42.5454,77.99,80,90,17.11
517,Belgaum,IN,2022-06-07 22:49:40,15.8667,74.5,70.43,89,100,5.77
518,Komsomolskiy,UZ,2022-06-07 22:49:40,40.4272,71.7189,74.12,38,0,9.22
519,Hasaki,JP,2022-06-07 22:49:40,35.7333,140.8333,61.29,82,100,14.14
520,Liverpool,GB,2022-06-07 22:49:41,53.4106,-2.9779,60.75,93,75,6.91
521,Batyrevo,RU,2022-06-07 22:49:41,55.0675,47.6111,51.84,62,89,20.6
522,Esil,KZ,2022-06-07 22:49:41,51.9556,66.4042,64.15,71,100,7.52
523,Pacific Grove,US,2022-06-07 22:49:42,36.6177,-121.9166,80.02,74,20,10.0
524,Lagoa,PT,2022-06-07 22:49:42,39.05,-27.9833,64.31,94,100,16.17
525,Manta,EC,2022-06-07 22:49:42,-0.95,-80.7333,74.98,88,100,11.5
526,Pajapan,MX,2022-06-07 22:49:42,18.25,-94.7,86.97,60,100,6.33
527,Praia,CV,2022-06-07 22:49:43,14.9215,-23.5087,73.94,78,20,21.85
528,Kiunga,PG,2022-06-07 22:49:43,-6.1219,141.2906,71.91,99,100,3.2
529,Guanica,PR,2022-06-07 22:49:43,17.9716,-66.908,85.5,76,47,9.66
530,Iaciara,BR,2022-06-07 22:49:44,-14.0958,-46.6317,69.28,37,3,3.09
531,Guerrero Negro,MX,2022-06-07 22:49:44,27.9769,-114.0611,70.83,64,10,17.78
532,Yerbogachen,RU,2022-06-07 22:49:44,61.2767,108.0108,49.68,62,79,9.01
533,Henties Bay,NA,2022-06-07 22:49:45,-22.116,14.2845,71.92,33,0,10.65
534,Susanville,US,2022-06-07 22:49:45,40.4163,-120.653,84.9,16,0,8.05
535,Auki,SB,2022-06-07 22:49:45,-8.7676,160.7034,82.26,74,81,5.08
536,Matamoros,MX,2022-06-07 22:47:53,25.5333,-103.25,101.71,11,6,10.87
537,Matara,LK,2022-06-07 22:49:45,5.9485,80.5353,76.51,91,100,9.35
538,Palmas Bellas,PA,2022-06-07 22:49:46,9.2319,-80.0867,82.26,83,100,3.29
539,Mount Gambier,AU,2022-06-07 22:49:46,-37.8333,140.7667,49.32,76,86,6.98
540,Shu,KZ,2022-06-07 22:49:46,43.5983,73.7614,64.51,44,0,4.36
541,Nhulunbuy,AU,2022-06-07 22:49:47,-12.2333,136.7667,79.41,83,75,12.66
542,Fuyu,CN,2022-06-07 22:49:47,45.1833,124.8167,60.75,78,84,3.24
543,Grootfontein,NA,2022-06-07 22:49:47,-19.5667,18.1167,42.37,65,0,3.44
544,Bambanglipuro,ID,2022-06-07 22:49:47,-7.95,110.2833,75.6,88,43,3.98
545,Grand Prairie,US,2022-06-07 22:45:31,32.746,-96.9978,97.32,50,0,17.27
546,Zhangye,CN,2022-06-07 22:49:48,38.9342,100.4517,65.95,19,21,13.85
547,Stowe,US,2022-06-07 22:49:48,40.2526,-75.6774,74.57,79,100,5.75
548,Gao,ML,2022-06-07 22:49:48,16.6362,1.637,87.19,29,46,3.51
549,Kendari,ID,2022-06-07 22:49:49,-3.945,122.4989,76.15,89,100,1.92
550,Mingaora,PK,2022-06-07 22:49:49,34.7758,72.3625,75.22,30,70,7.43
551,Clearwater,US,2022-06-07 22:49:49,27.9659,-82.8001,91.11,69,0,11.5
552,Porto Santo,PT,2022-06-07 22:50:05,33.072,-16.3415,66.58,82,40,11.5
553,Mandera,KE,2022-06-07 22:50:05,3.9366,41.867,76.8,63,80,8.5
554,Douglas,US,2022-06-07 22:50:05,41.3,-96.167,81.48,57,100,3.44
555,Tilichiki,RU,2022-06-07 22:50:06,60.4667,166.1,45.34,73,100,13.87
556,Howick,ZA,2022-06-07 22:50:06,-29.4779,30.2306,49.05,66,3,4.7
557,At-Bashi,KG,2022-06-07 22:50:07,41.1702,75.8106,52.72,49,1,1.97
558,Presidencia Roque Saenz Pena,AR,2022-06-07 22:45:35,-26.7852,-60.4388,63.41,80,65,5.26
559,Thohoyandou,ZA,2022-06-07 22:50:07,-22.9456,30.485,51.58,52,0,2.71
560,Taft,IR,2022-06-07 22:50:07,31.7471,54.2088,82.35,16,20,4.61
561,Tukrah,LY,2022-06-07 22:50:08,32.5341,20.5791,72.12,91,0,2.13
562,Tuy Hoa,VN,2022-06-07 22:46:54,13.0833,109.3,79.59,75,93,5.95
563,Dalvik,IS,2022-06-07 22:50:08,65.9702,-18.5286,49.93,88,96,0.96
564,Rincon,US,2022-06-07 22:49:55,32.296,-81.2354,85.96,72,76,6.35
565,Albertville,US,2022-06-07 22:50:09,34.2676,-86.2089,76.95,88,75,8.05
566,Kaduqli,SD,2022-06-07 22:50:09,11.0167,29.7167,75.61,67,100,9.13
567,Eidsvag,NO,2022-06-07 22:50:09,62.7767,8.0668,53.65,88,85,3.11
568,Richmond,US,2022-06-07 22:50:10,37.5538,-77.4603,84.07,55,75,11.5
569,Gigmoto,PH,2022-06-07 22:50:10,13.7796,124.39,83.35,78,73,4.65
570,Barcelos,PT,2022-06-07 22:50:10,41.5388,-8.6151,66.85,82,100,2.89
571,Beyla,GN,2022-06-07 22:50:11,8.6833,-8.6333,67.48,94,77,2.82
572,Urengoy,RU,2022-06-07 22:50:11,65.9667,78.3667,49.93,62,48,11.36
573,Denpasar,ID,2022-06-07 22:50:12,-8.65,115.2167,78.46,89,20,5.75
574,Wasilla,US,2022-06-07 22:50:12,61.5814,-149.4394,58.15,82,100,13.8
575,Novyy Urengoy,RU,2022-06-07 22:50:12,66.0833,76.6333,50.38,58,33,11.52
576,Corvallis,US,2022-06-07 22:48:46,44.5646,-123.262,71.51,67,0,1.99
577,Marzuq,YE,2022-06-07 22:50:13,14.4,46.4667,76.06,50,68,5.48
578,Richards Bay,ZA,2022-06-07 22:50:13,-28.783,32.0377,60.67,73,1,4.34
579,Ilinskiy,RU,2022-06-07 22:51:29,55.619,38.1182,48.58,76,0,0.0
580,Latung,PH,2022-06-07 22:51:29,5.5,120.8833,83.44,72,67,2.93
581,Neuquen,AR,2022-06-07 22:50:24,-38.9516,-68.0591,58.89,51,20,3.44
582,Yuryuzan,RU,2022-06-07 22:51:29,54.8633,58.4219,50.13,95,100,9.4
583,Zabol,AF,2022-06-07 22:51:30,32.25,67.25,67.41,13,0,9.31
584,Suihua,CN,2022-06-07 22:51:30,46.6406,126.9969,66.06,51,2,1.23
585,Lyngseidet,NO,2022-06-07 22:51:30,69.5763,20.2189,46.4,94,97,9.4
586,Agnibilekrou,CI,2022-06-07 22:51:31,7.1344,-3.2047,71.02,94,37,3.0
