City_ID,City,Country,Date,Lat,Lng,Max Temp,Humidity,Cloudiness,Wind Speed,Current Description
0,Tuktoyaktuk,CA,2022-02-05 16:54:49,69.4541,-133.0374,-31.0,68,0,9.22,clear sky
1,Brandfort,ZA,2022-02-05 16:54:50,-28.7001,26.4597,72.81,60,66,11.45,broken clouds
2,Hobart,AU,2022-02-05 16:54:50,-42.8794,147.3294,60.03,76,100,1.14,overcast clouds
3,Domoni,KM,2022-02-05 16:54:50,-12.2569,44.5319,79.81,85,82,7.72,light rain
4,Avarua,CK,2022-02-05 16:54:51,-21.2078,-159.775,77.05,88,40,8.05,scattered clouds
5,Bluff,NZ,2022-02-05 16:54:51,-46.6,168.3333,50.11,81,36,8.3,scattered clouds
6,Muros,ES,2022-02-05 16:50:37,42.7762,-9.0603,61.23,55,10,14.65,clear sky
7,Mahebourg,MU,2022-02-05 16:54:51,-20.4081,57.7,80.89,83,40,16.11,scattered clouds
8,Namatanai,PG,2022-02-05 16:54:52,-3.6667,152.4333,79.95,80,81,8.14,broken clouds
9,Rikitea,PF,2022-02-05 16:53:44,-23.1203,-134.9692,78.62,73,53,12.82,broken clouds
10,Sistranda,NO,2022-02-05 16:54:52,63.7256,8.834,33.76,79,80,16.28,broken clouds
11,Busselton,AU,2022-02-05 16:54:52,-33.65,115.3333,68.04,70,0,2.57,clear sky
12,Ushuaia,AR,2022-02-05 16:53:47,-54.8,-68.3,60.46,41,40,8.05,scattered clouds
13,Westport,US,2022-02-05 16:54:53,41.1415,-73.3579,29.32,69,28,5.01,scattered clouds
14,Tawang,IN,2022-02-05 16:54:53,27.5833,91.8667,15.24,85,42,8.43,scattered clouds
15,Bethel,US,2022-02-05 16:54:53,41.3712,-73.414,27.01,79,27,1.99,scattered clouds
16,Yellowknife,CA,2022-02-05 16:50:37,62.456,-114.3525,-13.59,83,75,8.05,broken clouds
17,Punta Arenas,CL,2022-02-05 16:52:28,-53.15,-70.9167,66.31,52,75,35.68,broken clouds
18,Christchurch,NZ,2022-02-05 16:52:07,-43.5333,172.6333,53.91,94,100,1.01,drizzle
19,Saskylakh,RU,2022-02-05 16:54:54,71.9167,114.0833,-29.67,100,85,4.41,overcast clouds
20,Aswan,EG,2022-02-05 16:54:54,24.0934,32.907,58.66,36,0,11.59,clear sky
21,Vaini,TO,2022-02-05 16:54:00,-21.2,-175.2,75.36,100,100,6.91,light rain
22,Qaanaaq,GL,2022-02-05 16:54:54,77.484,-69.3632,0.0,74,89,4.36,overcast clouds
23,Sept-Iles,CA,2022-02-05 16:54:54,50.2001,-66.3821,8.06,51,100,3.0,overcast clouds
24,Victoria,HK,2022-02-05 16:54:09,22.2855,114.1577,61.25,82,99,7.0,overcast clouds
25,Port Elizabeth,ZA,2022-02-05 16:54:55,-33.918,25.5701,71.1,83,75,13.8,broken clouds
26,Cidreira,BR,2022-02-05 16:54:55,-30.1811,-50.2056,86.92,58,91,9.22,heavy intensity rain
27,Noumea,NC,2022-02-05 16:54:55,-22.2763,166.4572,76.98,88,83,8.75,broken clouds
28,Young,UY,2022-02-05 16:54:55,-32.6833,-57.6333,78.22,40,1,15.77,clear sky
29,Ugoofaaru,MV,2022-02-05 16:54:56,5.6667,73.0,81.37,70,22,11.54,few clouds
30,Haines Junction,CA,2022-02-05 16:54:56,60.7522,-137.5108,1.35,85,100,4.61,overcast clouds
31,Okhotsk,RU,2022-02-05 16:54:57,59.3833,143.3,-3.98,67,0,17.07,clear sky
32,Butaritari,KI,2022-02-05 16:54:57,3.0707,172.7902,82.38,69,14,18.14,few clouds
33,Saint-Philippe,RE,2022-02-05 16:53:56,-21.3585,55.7679,83.79,85,100,20.85,light rain
34,Kodiak,US,2022-02-05 16:53:58,57.79,-152.4072,35.65,88,100,5.28,overcast clouds
35,Kavieng,PG,2022-02-05 16:54:57,-2.5744,150.7967,80.71,79,85,4.99,light rain
36,Hermanus,ZA,2022-02-05 16:54:57,-34.4187,19.2345,87.91,64,62,20.15,broken clouds
37,Tura,IN,2022-02-05 16:54:58,25.5198,90.2201,51.33,90,37,1.57,scattered clouds
38,Ilheus,BR,2022-02-05 16:54:58,-14.7889,-39.0494,80.42,78,75,4.61,broken clouds
39,Mazarron,ES,2022-02-05 16:54:58,37.5992,-1.3149,60.12,68,97,15.08,light rain
40,Kautokeino,NO,2022-02-05 16:54:58,69.0125,23.0412,23.4,92,99,25.59,overcast clouds
41,Vestmanna,FO,2022-02-05 16:54:59,62.1564,-7.1664,34.72,64,75,34.52,snow
42,Chokurdakh,RU,2022-02-05 16:54:59,70.6333,147.9167,-32.15,100,100,1.86,overcast clouds
43,Aykhal,RU,2022-02-05 16:54:59,66.0,111.5,-25.67,100,76,5.57,broken clouds
44,Vao,NC,2022-02-05 16:53:18,-22.6667,167.4833,79.68,87,99,12.5,overcast clouds
45,Ozernovskiy,RU,2022-02-05 16:55:00,51.5,156.5167,26.28,88,100,6.73,overcast clouds
46,Parana,AR,2022-02-05 16:51:31,-31.732,-60.5238,80.56,52,1,18.28,clear sky
47,Kahului,US,2022-02-05 16:52:39,20.8947,-156.47,74.84,79,20,5.75,few clouds
48,Pustoshka,RU,2022-02-05 16:55:00,56.3355,29.369,26.19,97,100,7.49,snow
49,Imbituba,BR,2022-02-05 16:51:09,-28.24,-48.6703,91.29,67,80,9.62,broken clouds
50,Cayenne,GF,2022-02-05 16:55:00,4.9333,-52.3333,86.04,81,20,5.99,few clouds
51,Swan River,CA,2022-02-05 16:55:00,52.1058,-101.2676,-5.91,84,100,9.22,overcast clouds
52,Coihaique,CL,2022-02-05 16:52:01,-45.5752,-72.0662,69.75,40,0,4.61,clear sky
53,Velyka Mykhaylivka,UA,2022-02-05 16:55:01,47.0794,29.8514,34.77,62,47,6.64,scattered clouds
54,Tasiilaq,GL,2022-02-05 16:51:28,65.6145,-37.6368,16.11,59,100,10.0,overcast clouds
55,Carnarvon,AU,2022-02-05 16:55:01,-24.8667,113.6333,82.47,78,24,9.22,few clouds
56,Hofn,IS,2022-02-05 16:53:24,64.2539,-15.2082,28.98,59,100,9.1,overcast clouds
57,Atuona,PF,2022-02-05 16:53:44,-9.8,-139.0333,78.69,74,13,21.97,few clouds
58,Katsuura,JP,2022-02-05 16:55:02,35.1333,140.3,33.91,39,51,4.09,broken clouds
59,Cuiluan,CN,2022-02-05 16:55:02,47.72,128.648,-8.46,100,97,3.78,overcast clouds
60,Ostrovnoy,RU,2022-02-05 16:55:03,68.0531,39.5131,16.07,82,100,32.5,overcast clouds
61,Clyde River,CA,2022-02-05 16:55:03,70.4692,-68.5914,-21.77,76,75,13.8,broken clouds
62,Saint-Augustin,CA,2022-02-05 16:55:03,51.226,-58.6502,4.91,93,100,16.17,light snow
63,Kawambwa,ZM,2022-02-05 16:55:03,-9.7915,29.0791,63.03,92,100,1.72,light rain
64,Lorengau,PG,2022-02-05 16:55:04,-2.0226,147.2712,80.35,80,40,8.79,scattered clouds
65,Navirai,BR,2022-02-05 16:55:04,-23.065,-54.1906,81.55,81,72,8.12,moderate rain
66,Stromness,GB,2022-02-05 16:55:05,58.965,-3.296,37.36,68,72,41.09,light rain
67,Hilo,US,2022-02-05 16:55:05,19.7297,-155.09,69.53,88,75,4.61,broken clouds
68,Kundiawa,PG,2022-02-05 16:55:05,-6.0167,144.9667,62.38,99,100,2.17,overcast clouds
69,Palana,RU,2022-02-05 16:55:05,59.1167,159.9667,4.44,82,54,10.63,broken clouds
70,Nuoro,IT,2022-02-05 16:55:06,40.3211,9.3297,51.06,82,98,6.08,overcast clouds
71,Ranikhet,IN,2022-02-05 16:55:06,29.65,79.4167,33.55,91,3,2.24,clear sky
72,Cariamanga,EC,2022-02-05 16:55:06,-4.3333,-79.55,66.97,72,87,4.45,moderate rain
73,Sabha,LY,2022-02-05 16:55:07,27.0377,14.4283,59.72,21,0,6.06,clear sky
74,Poco Das Trincheiras,BR,2022-02-05 16:55:07,-9.3125,-37.2856,95.11,24,100,8.5,overcast clouds
75,Kamenka,RU,2022-02-05 16:55:07,51.3223,42.7678,5.83,97,90,7.74,overcast clouds
76,Yeppoon,AU,2022-02-05 16:55:07,-23.1333,150.7333,73.18,70,21,18.88,few clouds
77,Jamestown,US,2022-02-05 16:55:03,42.097,-79.2353,19.09,50,75,4.0,broken clouds
78,Erenhot,CN,2022-02-05 16:55:08,43.6475,111.9767,3.65,88,5,7.74,clear sky
79,Chernyshevskiy,RU,2022-02-05 16:55:08,63.0128,112.4714,-9.08,99,95,2.64,overcast clouds
80,Vardo,NO,2022-02-05 16:55:09,70.3705,31.1107,26.55,78,100,26.98,overcast clouds
81,Pangnirtung,CA,2022-02-05 16:55:09,66.1451,-65.7125,-22.0,69,75,2.3,broken clouds
82,Roald,NO,2022-02-05 16:55:09,62.5833,6.1333,41.14,60,40,16.11,scattered clouds
83,Zhangjiakou,CN,2022-02-05 16:55:09,40.81,114.8794,13.06,67,2,5.75,light snow
84,Longyearbyen,SJ,2022-02-05 16:54:09,78.2186,15.6401,10.24,61,20,24.16,few clouds
85,Port Hawkesbury,CA,2022-02-05 16:55:10,45.6169,-61.3485,31.59,96,100,9.22,fog
86,Itarema,BR,2022-02-05 16:55:10,-2.9248,-39.9167,85.46,64,83,15.28,broken clouds
87,Saint George,US,2022-02-05 16:55:10,37.1041,-113.5841,48.34,46,0,0.0,clear sky
88,Barrow,US,2022-02-05 16:50:12,71.2906,-156.7887,-11.18,70,100,14.97,light snow
89,East London,ZA,2022-02-05 16:53:51,-33.0153,27.9116,67.14,94,75,6.91,light intensity drizzle
90,Mount Gambier,AU,2022-02-05 16:55:11,-37.8333,140.7667,58.91,82,89,8.05,overcast clouds
91,Bredasdorp,ZA,2022-02-05 16:55:11,-34.5322,20.0403,74.28,64,42,25.32,scattered clouds
92,Korocha,RU,2022-02-05 16:55:11,50.8107,37.1953,20.12,100,60,5.32,broken clouds
93,Mataura,NZ,2022-02-05 16:53:47,-46.1927,168.8643,40.12,98,15,2.1,few clouds
94,Paamiut,GL,2022-02-05 16:55:12,61.994,-49.6678,1.47,82,88,6.04,overcast clouds
95,Ixtapa,MX,2022-02-05 16:55:12,20.7,-105.2,81.75,42,56,3.2,broken clouds
96,Yarmouth,US,2022-02-05 16:55:12,41.7057,-70.2286,27.1,80,100,13.8,overcast clouds
97,Albany,US,2022-02-05 16:53:45,42.6001,-73.9662,19.02,70,27,8.01,scattered clouds
98,Eureka,US,2022-02-05 16:53:12,40.8021,-124.1637,43.93,94,78,2.77,broken clouds
99,Homer,US,2022-02-05 16:55:13,59.6425,-151.5483,37.78,90,98,2.71,overcast clouds
100,Pevek,RU,2022-02-05 16:55:13,69.7008,170.3133,-28.16,99,20,3.09,few clouds
101,Upernavik,GL,2022-02-05 16:55:13,72.7868,-56.1549,0.43,98,100,4.56,overcast clouds
102,Kapaa,US,2022-02-05 16:55:13,22.0752,-159.319,64.11,59,0,5.97,clear sky
103,Prince Rupert,CA,2022-02-05 16:55:14,54.3161,-130.3201,42.49,81,100,11.5,overcast clouds
104,Ferme-Neuve,CA,2022-02-05 16:55:14,46.7001,-75.4493,-0.62,68,12,8.28,few clouds
105,Viedma,AR,2022-02-05 16:55:14,-40.8135,-62.9967,62.51,50,100,17.2,overcast clouds
106,Wahiawa,US,2022-02-05 16:55:15,21.5028,-158.0236,63.79,85,0,6.91,clear sky
107,Leningradskiy,RU,2022-02-05 16:55:04,69.3833,178.4167,-21.06,96,9,5.01,clear sky
108,Vostok,RU,2022-02-05 16:55:15,46.4856,135.8833,-10.43,99,100,2.75,overcast clouds
109,Tadine,NC,2022-02-05 16:52:11,-21.55,167.8833,79.07,88,94,4.03,moderate rain
110,Ca Mau,VN,2022-02-05 16:55:15,9.1769,105.15,78.51,68,97,11.16,overcast clouds
111,Verkh-Usugli,RU,2022-02-05 16:55:16,52.7,115.1667,-10.79,97,20,3.49,few clouds
112,Natal,BR,2022-02-05 16:54:23,-5.795,-35.2094,88.45,58,20,16.11,few clouds
113,Thompson,CA,2022-02-05 16:53:07,55.7435,-97.8558,-36.24,67,20,0.0,few clouds
114,Nome,US,2022-02-05 16:53:44,64.5011,-165.4064,-9.49,84,0,7.63,clear sky
115,Cape Town,ZA,2022-02-05 16:54:33,-33.9258,18.4232,83.1,49,0,4.0,clear sky
116,Moissala,TD,2022-02-05 16:55:16,8.3404,17.7663,83.97,14,98,5.06,overcast clouds
117,Huesca,ES,2022-02-05 16:55:16,42.1362,-0.4087,52.48,55,0,5.01,clear sky
118,Bangkal,PH,2022-02-05 16:55:17,6.0667,121.0667,77.63,86,98,3.91,overcast clouds
119,Puerto Ayora,EC,2022-02-05 16:55:17,-0.7393,-90.3518,84.16,86,54,5.99,broken clouds
120,Horta,PT,2022-02-05 16:55:17,38.5333,-28.6333,62.24,67,75,11.5,broken clouds
121,Camana,PE,2022-02-05 16:55:18,-16.6228,-72.7111,75.09,69,80,10.49,broken clouds
122,Hobyo,SO,2022-02-05 16:55:18,5.3505,48.5268,76.89,70,13,11.74,few clouds
123,Mehamn,NO,2022-02-05 16:55:18,71.0357,27.8492,21.42,87,66,18.48,broken clouds
124,Chuy,UY,2022-02-05 16:55:19,-33.6971,-53.4616,83.12,50,83,8.52,broken clouds
125,Nikolskoye,RU,2022-02-05 16:55:19,59.7035,30.7861,25.88,94,100,11.3,snow
126,Lebu,CL,2022-02-05 16:55:19,-37.6167,-73.65,64.42,65,0,19.15,clear sky
127,Castro,BR,2022-02-05 16:55:19,-24.7911,-50.0119,74.03,84,89,8.08,overcast clouds
128,Inuvik,CA,2022-02-05 16:55:20,68.3499,-133.7218,-31.79,68,20,1.14,few clouds
129,Port Alfred,ZA,2022-02-05 16:55:20,-33.5906,26.891,70.27,83,98,24.61,overcast clouds
130,Dikson,RU,2022-02-05 16:50:55,73.5069,80.5464,-18.92,100,96,3.51,overcast clouds
131,Campeche,MX,2022-02-05 16:50:22,19.0,-90.5,73.65,86,99,4.94,overcast clouds
132,Lagoa,PT,2022-02-05 16:51:54,39.05,-27.9833,58.6,75,62,16.24,broken clouds
133,Bolshaya Rechka,RU,2022-02-05 16:55:21,51.9503,104.7355,10.67,87,100,0.94,overcast clouds
134,Osoyoos,CA,2022-02-05 16:55:21,49.0331,-119.4524,31.33,83,61,1.14,broken clouds
135,Arraial Do Cabo,BR,2022-02-05 16:55:21,-22.9661,-42.0278,89.56,66,0,19.57,clear sky
136,Sompeta,IN,2022-02-05 16:55:21,18.9333,84.6,69.69,51,92,2.93,overcast clouds
137,Petropavlovsk-Kamchatskiy,RU,2022-02-05 16:55:22,53.0452,158.6483,16.39,67,0,8.95,clear sky
138,Kimbe,PG,2022-02-05 16:55:22,-5.5502,150.1429,77.59,87,58,3.6,broken clouds
139,Sola,VU,2022-02-05 16:54:08,-13.8833,167.55,82.24,76,100,20.13,overcast clouds
140,Pechenga,RU,2022-02-05 16:55:22,69.5259,31.1703,18.46,86,100,18.3,overcast clouds
141,Bambous Virieux,MU,2022-02-05 16:55:23,-20.3428,57.7575,80.85,83,40,16.11,light rain
142,Adrar,MR,2022-02-05 16:55:23,20.5022,-10.0711,82.71,6,34,8.34,scattered clouds
143,Dingle,PH,2022-02-05 16:55:23,10.9995,122.6711,74.86,82,37,11.36,scattered clouds
144,Lazaro Cardenas,MX,2022-02-05 16:55:24,17.9583,-102.2,81.45,54,2,1.36,clear sky
145,Korla,CN,2022-02-05 16:55:24,41.7597,86.1469,25.99,39,100,9.22,overcast clouds
146,Minab,IR,2022-02-05 16:55:24,27.1467,57.0801,71.1,73,2,2.3,clear sky
147,Bandarbeyla,SO,2022-02-05 16:55:24,9.4942,50.8122,75.99,67,32,10.07,scattered clouds
148,Olafsvik,IS,2022-02-05 16:55:25,64.8945,-23.7142,29.53,63,100,16.69,overcast clouds
149,Naze,JP,2022-02-05 16:55:25,28.3667,129.4833,50.56,66,78,17.45,broken clouds
150,Maniitsoq,GL,2022-02-05 16:55:25,65.4167,-52.9,5.83,90,100,14.65,light snow
151,Koungou,YT,2022-02-05 16:55:26,-12.7336,45.2042,83.91,79,20,16.11,few clouds
152,Coquimbo,CL,2022-02-05 16:55:26,-29.9533,-71.3436,67.73,77,20,13.8,few clouds
153,Bull Savanna,JM,2022-02-05 16:55:26,17.8868,-77.5902,81.95,45,10,5.57,clear sky
154,Vila Franca Do Campo,PT,2022-02-05 16:53:53,37.7167,-25.4333,63.01,77,99,13.22,overcast clouds
155,Quatre Cocos,MU,2022-02-05 16:55:26,-20.2078,57.7625,80.71,85,100,17.72,light rain
156,Qasigiannguit,GL,2022-02-05 16:55:27,68.8193,-51.1922,-2.47,79,100,5.64,overcast clouds
157,Kilindoni,TZ,2022-02-05 16:55:27,-7.9139,39.6668,79.16,76,100,8.68,overcast clouds
158,Vigeland,NO,2022-02-05 16:55:27,58.0844,7.305,43.95,87,97,24.99,light rain
159,Orapa,BW,2022-02-05 16:55:27,-21.2833,25.3667,78.1,54,91,15.19,light rain
160,Kovvur,IN,2022-02-05 16:55:28,17.0167,81.7333,80.85,69,61,10.36,broken clouds
161,Lavrentiya,RU,2022-02-05 16:50:42,65.5833,-171.0,-18.72,94,29,8.79,scattered clouds
162,Batagay-Alyta,RU,2022-02-05 16:55:28,67.8006,130.4114,-25.65,99,62,3.71,broken clouds
163,Ngunguru,NZ,2022-02-05 16:55:28,-35.6167,174.5,72.16,96,96,12.55,overcast clouds
164,Bredy,RU,2022-02-05 16:55:29,52.4153,60.3411,16.99,93,100,8.08,overcast clouds
165,Tagusao,PH,2022-02-05 16:55:29,9.1924,117.8141,77.72,83,83,4.79,broken clouds
166,Kanye,BW,2022-02-05 16:55:29,-24.9667,25.3327,70.34,65,53,9.6,broken clouds
167,Gubbio,IT,2022-02-05 16:55:29,43.3545,12.5725,51.24,83,99,5.03,overcast clouds
168,Vanimo,PG,2022-02-05 16:55:30,-2.6741,141.3028,78.53,86,94,6.62,overcast clouds
169,Saraland,US,2022-02-05 16:55:30,30.8207,-88.0706,45.64,51,2,9.95,clear sky
170,Kodinsk,RU,2022-02-05 16:55:30,58.6881,99.1844,20.21,94,100,8.39,light snow
171,Cabo San Lucas,MX,2022-02-05 16:55:31,22.8909,-109.9124,69.51,63,24,3.0,few clouds
172,Mount Pleasant,US,2022-02-05 16:55:31,32.7941,-79.8626,52.07,52,0,5.01,clear sky
173,Biltine,TD,2022-02-05 16:55:31,14.5333,20.9167,75.02,12,33,12.59,scattered clouds
174,Luza,RU,2022-02-05 16:55:32,60.6308,47.2512,3.4,97,45,5.01,scattered clouds
175,Zig,US,2022-02-05 16:55:32,40.127,-92.7663,21.9,54,3,8.01,clear sky
176,Narsaq,GL,2022-02-05 16:55:32,60.9167,-46.05,-1.5,69,0,5.86,clear sky
177,Solnechnyy,RU,2022-02-05 16:55:32,50.7214,136.6319,1.83,98,100,1.19,overcast clouds
178,Udachnyy,RU,2022-02-05 16:55:33,66.4167,112.4,-32.08,100,80,3.47,broken clouds
179,Spring Valley,US,2022-02-05 16:55:33,36.108,-115.245,49.3,30,20,6.91,few clouds
180,Severo-Kurilsk,RU,2022-02-05 16:55:33,50.6789,156.125,28.13,90,100,9.71,light snow
181,Nuuk,GL,2022-02-05 16:55:33,64.1835,-51.7216,5.88,77,100,15.99,overcast clouds
182,Ribeira Grande,PT,2022-02-05 16:55:34,38.5167,-28.7,63.0,67,75,11.5,broken clouds
183,Pilar,BR,2022-02-05 16:55:34,-9.5972,-35.9567,85.93,43,86,12.17,overcast clouds
184,Bapatla,IN,2022-02-05 16:55:34,15.9,80.4667,73.71,85,80,6.26,broken clouds
185,Alekseyevsk,RU,2022-02-05 16:55:35,57.8406,108.3492,17.15,94,100,10.0,light snow
186,Hornepayne,CA,2022-02-05 16:55:35,49.2138,-84.7705,2.39,81,82,3.76,broken clouds
187,Sur,OM,2022-02-05 16:50:49,22.5667,59.5289,73.63,50,1,4.34,clear sky
188,Faanui,PF,2022-02-05 16:55:35,-16.4833,-151.75,80.78,70,12,18.57,few clouds
189,Dongtai,CN,2022-02-05 16:55:36,32.8523,120.3095,30.07,43,51,4.36,broken clouds
190,Sitka,US,2022-02-05 16:55:36,57.0531,-135.33,42.69,81,100,10.36,moderate rain
191,Glasgow,GB,2022-02-05 16:55:36,55.8652,-4.2576,44.51,89,75,12.66,moderate rain
192,Havre-Saint-Pierre,CA,2022-02-05 16:55:36,50.2334,-63.5986,7.39,72,100,14.97,overcast clouds
193,Aksarka,RU,2022-02-05 16:55:37,66.5606,67.7975,-16.76,100,93,3.53,overcast clouds
194,Belaya Gora,RU,2022-02-05 16:55:37,68.5333,146.4167,-39.69,100,92,1.3,overcast clouds
195,Vadlapudi,IN,2022-02-05 16:55:37,14.3167,79.8,74.3,84,48,6.02,scattered clouds
196,Shahr-E Kord,IR,2022-02-05 16:52:29,32.3256,50.8644,31.77,51,0,4.61,clear sky
197,Bergen,NO,2022-02-05 16:55:38,60.392,5.328,43.65,91,75,23.02,light intensity shower rain
198,Havoysund,NO,2022-02-05 16:55:38,70.9963,24.6622,29.28,70,79,30.8,broken clouds
199,Mount Isa,AU,2022-02-05 16:55:38,-20.7333,139.5,71.37,49,40,3.44,scattered clouds
200,Norman Wells,CA,2022-02-05 16:55:38,65.282,-126.8329,-11.65,94,95,5.99,overcast clouds
201,Colac,AU,2022-02-05 16:55:39,-38.3333,143.5833,61.16,81,100,10.04,overcast clouds
202,Mayo,US,2022-02-05 16:55:39,38.8876,-76.5119,33.42,50,40,14.0,scattered clouds
203,Torbay,CA,2022-02-05 16:51:21,47.6666,-52.7314,49.75,94,100,27.63,light rain
204,Hov,NO,2022-02-05 16:55:39,60.6987,10.3519,31.89,89,82,5.64,broken clouds
205,San Patricio,US,2022-02-05 16:54:43,28.017,-97.5169,44.17,38,2,6.62,clear sky
206,Cap-Aux-Meules,CA,2022-02-05 16:55:40,47.3821,-61.8597,24.85,93,100,14.97,overcast clouds
207,Central Point,US,2022-02-05 16:55:40,42.376,-122.9164,29.61,65,18,1.28,few clouds
208,Oktyabrskoye,RU,2022-02-05 16:55:40,43.0645,44.7417,28.54,74,75,4.47,broken clouds
209,Blythe,US,2022-02-05 16:55:40,33.6103,-114.5964,49.03,19,5,6.64,clear sky
210,Ponta Do Sol,PT,2022-02-05 16:55:41,32.6667,-17.1,73.13,50,2,12.48,clear sky
211,Tulun,RU,2022-02-05 16:55:41,54.5611,100.5792,23.0,86,100,6.96,overcast clouds
212,Namibe,AO,2022-02-05 16:55:41,-15.1961,12.1522,76.08,63,30,13.06,scattered clouds
213,Luderitz,NA,2022-02-05 16:50:54,-26.6481,15.1594,70.74,68,9,4.5,clear sky
214,Sisimiut,GL,2022-02-05 16:55:42,66.9395,-53.6735,2.26,91,97,11.97,light snow
215,Kolda,SN,2022-02-05 16:55:42,12.8833,-14.95,102.88,5,0,4.92,clear sky
216,Ancud,CL,2022-02-05 16:55:42,-41.8697,-73.8203,71.22,58,3,6.93,clear sky
217,Tazovskiy,RU,2022-02-05 16:55:42,67.4667,78.7,-7.83,100,98,6.76,overcast clouds
218,Tabuk,PH,2022-02-05 16:55:43,17.4189,121.4443,68.34,91,82,4.12,broken clouds
219,Aberystwyth,GB,2022-02-05 16:55:43,52.4155,-4.0829,49.3,87,100,30.33,light rain
220,Surazh,RU,2022-02-05 16:55:43,53.0175,32.3918,24.82,96,100,14.61,light snow
221,Saldanha,ZA,2022-02-05 16:55:44,-33.0117,17.9442,89.65,64,10,10.85,clear sky
222,Buin,CL,2022-02-05 16:55:44,-33.7333,-70.75,85.05,20,0,9.42,clear sky
223,Maceio,BR,2022-02-05 16:55:44,-9.6658,-35.7353,87.24,45,20,16.11,few clouds
224,Harper,LR,2022-02-05 16:55:44,4.375,-7.7169,82.99,68,74,10.04,broken clouds
225,Ariquemes,BR,2022-02-05 16:55:45,-9.9133,-63.0408,80.47,76,100,4.32,overcast clouds
226,Grimshaw,CA,2022-02-05 16:53:48,56.1834,-117.6027,2.82,85,100,9.22,light snow
227,Maarianhamina,AX,2022-02-05 16:55:45,60.0973,19.9348,33.66,80,0,8.05,clear sky
228,Kaitangata,NZ,2022-02-05 16:55:46,-46.2817,169.8464,44.42,93,33,5.46,scattered clouds
229,Guerrero Negro,MX,2022-02-05 16:53:29,27.9769,-114.0611,61.59,30,0,3.71,clear sky
230,Huangcun,CN,2022-02-05 16:55:46,30.0145,118.4037,32.83,76,55,4.94,broken clouds
231,Cherskiy,RU,2022-02-05 16:55:46,68.75,161.3,-32.82,96,15,1.39,few clouds
232,Pangody,RU,2022-02-05 16:55:47,65.85,74.4859,-16.06,100,93,4.5,overcast clouds
233,Mar Del Plata,AR,2022-02-05 16:50:48,-38.0023,-57.5575,67.08,88,100,10.0,moderate rain
234,Corinto,GR,2022-02-05 16:55:47,37.9407,22.9573,55.69,70,10,3.11,clear sky
235,Sarai,RU,2022-02-05 16:55:47,53.7458,41.0213,3.27,99,54,5.55,broken clouds
236,Kamaishi,JP,2022-02-05 16:55:47,39.2667,141.8833,26.78,66,51,10.13,broken clouds
237,Mortka,RU,2022-02-05 16:55:48,59.3322,66.0214,18.0,99,100,2.64,overcast clouds
238,Henties Bay,NA,2022-02-05 16:55:48,-22.116,14.2845,70.86,76,9,8.05,clear sky
239,Opuwo,NA,2022-02-05 16:55:48,-18.0607,13.84,81.81,26,92,8.21,overcast clouds
240,Morlaix,FR,2022-02-05 16:55:48,48.5833,-4.0,50.32,75,100,12.66,overcast clouds
241,Beringovskiy,RU,2022-02-05 16:52:08,63.05,179.3167,-8.28,92,79,14.7,broken clouds
242,Vesoul,FR,2022-02-05 16:55:49,47.5833,5.8333,45.82,82,13,4.97,few clouds
243,Olinda,BR,2022-02-05 16:55:49,-8.0089,-34.8553,87.53,51,40,9.22,scattered clouds
244,Huarmey,PE,2022-02-05 16:55:49,-10.0681,-78.1522,76.24,71,18,10.92,few clouds
245,Elat,IL,2022-02-05 16:55:50,29.5581,34.9482,60.64,41,40,4.61,scattered clouds
246,Mersing,MY,2022-02-05 16:55:50,2.4312,103.8405,80.51,83,100,13.8,overcast clouds
247,Ermelo,ZA,2022-02-05 16:55:50,-26.5333,29.9833,56.57,96,99,8.32,overcast clouds
248,Yilan,TW,2022-02-05 16:55:50,24.757,121.753,59.36,99,100,6.44,overcast clouds
249,Champerico,GT,2022-02-05 16:55:51,14.3,-91.9167,89.35,56,1,8.61,clear sky
250,Kargil,IN,2022-02-05 16:55:51,34.5667,76.1,-16.46,87,37,2.66,scattered clouds
251,Poum,NC,2022-02-05 16:55:16,-20.2333,164.0167,80.44,72,87,5.35,overcast clouds
252,Urumqi,CN,2022-02-05 16:55:45,43.801,87.6005,2.35,85,100,2.24,mist
253,Shimoda,JP,2022-02-05 16:55:51,34.6667,138.95,34.11,63,3,21.43,clear sky
254,Jeremoabo,BR,2022-02-05 16:55:51,-10.075,-38.4808,96.13,25,82,10.87,broken clouds
255,Matagami,CA,2022-02-05 16:55:52,49.7502,-77.6328,-3.89,54,0,3.44,clear sky
256,Horadiz,AZ,2022-02-05 16:55:52,39.4488,47.3353,41.77,55,100,5.03,overcast clouds
257,Villa Juarez,MX,2022-02-05 16:55:52,24.6536,-107.5411,71.71,25,8,2.06,clear sky
258,Nador,MA,2022-02-05 16:55:53,35.174,-2.9287,68.07,67,0,10.36,clear sky
259,Tezu,IN,2022-02-05 16:55:53,27.9167,96.1667,55.2,97,100,1.97,overcast clouds
260,Acaponeta,MX,2022-02-05 16:55:53,22.4964,-105.3594,72.73,39,79,1.9,broken clouds
261,Nakambala,ZM,2022-02-05 16:55:54,-15.8324,27.7799,67.39,91,78,1.41,moderate rain
262,Bundaberg,AU,2022-02-05 16:55:54,-24.85,152.35,70.09,73,40,4.0,scattered clouds
263,Menongue,AO,2022-02-05 16:55:54,-14.6585,17.691,62.96,90,99,6.17,overcast clouds
264,Pangkalanbuun,ID,2022-02-05 16:55:54,-2.6833,111.6167,74.34,96,97,2.66,overcast clouds
265,New Norfolk,AU,2022-02-05 16:55:55,-42.7826,147.0587,59.67,62,100,0.83,overcast clouds
266,Tabou,CI,2022-02-05 16:55:55,4.423,-7.3528,83.03,69,82,10.16,broken clouds
267,Kudahuvadhoo,MV,2022-02-05 16:54:57,2.6708,72.8944,81.9,70,73,10.0,broken clouds
268,Pinillos,CO,2022-02-05 16:55:55,8.9193,-74.4677,91.38,48,38,4.45,scattered clouds
269,Platanos,GR,2022-02-05 16:55:56,37.6667,21.6167,57.85,84,78,4.85,broken clouds
270,Lufilufi,WS,2022-02-05 16:55:56,-13.8745,-171.5986,76.78,78,99,15.75,light rain
271,Kloulklubed,PW,2022-02-05 16:55:56,7.0419,134.2556,81.43,81,52,21.92,broken clouds
272,Bengkulu,ID,2022-02-05 16:55:56,-3.8004,102.2655,74.48,96,100,7.92,heavy intensity rain
273,High Rock,BS,2022-02-05 16:55:57,26.6208,-78.2833,77.02,63,0,0.96,clear sky
274,Hasaki,JP,2022-02-05 16:55:57,35.7333,140.8333,27.0,35,65,8.7,broken clouds
275,Marawi,PH,2022-02-05 16:55:57,7.9986,124.2928,70.65,93,30,2.24,scattered clouds
276,Fairbanks,US,2022-02-05 16:55:58,64.8378,-147.7164,0.1,79,82,3.71,broken clouds
277,Pozo Colorado,PY,2022-02-05 16:55:58,-23.4923,-58.7972,73.35,95,100,9.57,overcast clouds
278,Buraydah,SA,2022-02-05 16:53:14,26.326,43.975,57.65,29,0,9.22,clear sky
279,Fershampenuaz,RU,2022-02-05 16:55:58,53.5202,59.8117,14.0,95,100,3.22,overcast clouds
280,Georgetown,MY,2022-02-05 16:55:59,5.4112,100.3354,80.89,82,40,0.0,scattered clouds
281,Hambantota,LK,2022-02-05 16:55:59,6.1241,81.1185,76.17,78,4,16.93,clear sky
282,Roblin,CA,2022-02-05 16:55:59,51.23,-101.3565,-2.2,93,100,4.12,overcast clouds
283,Laguna,US,2022-02-05 16:55:59,38.421,-121.4238,55.24,81,0,0.0,clear sky
284,Airai,TL,2022-02-05 16:56:00,-8.9266,125.4092,60.57,92,82,2.06,broken clouds
285,Usinsk,RU,2022-02-05 16:56:00,65.9939,57.5281,-14.76,100,62,3.71,broken clouds
286,Patur,IN,2022-02-05 16:56:00,20.45,76.9333,67.78,20,5,5.64,clear sky
287,Saravan,AM,2022-02-05 16:56:00,39.7196,45.6483,25.45,90,84,3.58,broken clouds
288,Alexandria,EG,2022-02-05 16:54:12,31.2156,29.9553,58.96,72,40,12.66,scattered clouds
289,Svetlogorsk,BY,2022-02-05 16:56:01,52.6333,29.7333,33.48,92,100,17.96,overcast clouds
290,Correntina,BR,2022-02-05 16:56:01,-13.3433,-44.6367,87.58,50,26,3.51,scattered clouds
291,Gat,IL,2022-02-05 16:52:04,31.61,34.7642,55.08,100,80,8.08,broken clouds
292,Birao,CF,2022-02-05 16:56:02,10.2849,22.7882,80.04,13,99,7.38,overcast clouds
293,Ilulissat,GL,2022-02-05 16:56:02,69.2167,-51.1,-1.19,77,100,8.05,overcast clouds
294,Baykit,RU,2022-02-05 16:56:02,61.67,96.37,13.82,97,100,4.41,overcast clouds
295,Narasannapeta,IN,2022-02-05 16:56:02,18.4167,84.05,69.26,56,83,3.62,broken clouds
296,Kieta,PG,2022-02-05 16:56:03,-6.2167,155.6333,80.69,83,97,8.66,overcast clouds
297,Severnoye,RU,2022-02-05 16:56:03,56.3491,78.3619,12.65,85,100,7.27,overcast clouds
298,Shingu,JP,2022-02-05 16:56:03,33.7333,135.9833,38.91,66,16,11.21,few clouds
299,Shellbrook,CA,2022-02-05 16:56:04,53.2168,-106.4011,-6.57,93,100,3.49,overcast clouds
300,Nanhai,CN,2022-02-05 16:56:04,30.1282,111.7784,40.33,69,81,8.21,broken clouds
301,Ballina,AU,2022-02-05 16:56:04,-28.8667,153.5667,71.56,78,75,18.41,broken clouds
302,Santa Cruz,BO,2022-02-05 16:56:04,-17.8,-63.1667,82.45,74,75,17.27,broken clouds
303,Hithadhoo,MV,2022-02-05 16:51:41,-0.6,73.0833,82.67,75,100,12.01,overcast clouds
304,Svetlaya,RU,2022-02-05 16:56:05,46.5389,138.3297,6.55,73,94,10.78,overcast clouds
305,Altar,MX,2022-02-05 16:56:05,30.7,-111.8167,54.82,14,0,6.4,clear sky
306,Codrington,AU,2022-02-05 16:52:17,-38.2667,141.9667,57.27,86,97,8.34,overcast clouds
307,Manadhoo,MV,2022-02-05 16:56:05,5.7667,73.3833,81.37,70,47,12.17,scattered clouds
308,Wad Madani,SD,2022-02-05 16:56:06,14.4012,33.5199,71.64,13,5,13.06,clear sky
309,Muroto,JP,2022-02-05 16:56:06,33.2833,134.15,39.22,55,29,12.71,scattered clouds
310,Muisne,EC,2022-02-05 16:56:06,0.6,-80.0333,84.31,92,91,5.32,light rain
311,Memmingen,DE,2022-02-05 16:56:06,47.9837,10.1853,38.8,66,0,9.22,clear sky
312,La Ronge,CA,2022-02-05 16:56:07,55.1001,-105.2842,-9.18,70,75,6.91,broken clouds
313,Los Llanos De Aridane,ES,2022-02-05 16:56:07,28.6585,-17.9182,67.12,77,20,1.01,few clouds
314,College,US,2022-02-05 16:54:35,64.8569,-147.8028,-0.02,80,100,0.0,overcast clouds
315,Nioro,GM,2022-02-05 16:56:07,13.35,-15.75,101.19,5,0,5.68,clear sky
316,Provideniya,RU,2022-02-05 16:56:08,64.3833,-173.3,-5.75,86,3,11.77,clear sky
317,Berea,US,2022-02-05 16:56:08,41.3662,-81.8543,22.91,84,93,1.01,snow
318,Sioux Lookout,CA,2022-02-05 16:55:49,50.1001,-91.917,-0.02,78,100,9.22,overcast clouds
319,Borgosesia,IT,2022-02-05 16:56:08,45.7145,8.2799,51.3,76,1,0.72,clear sky
320,Grand Gaube,MU,2022-02-05 16:56:08,-20.0064,57.6608,81.0,80,100,8.99,overcast clouds
321,Khatanga,RU,2022-02-05 16:56:09,71.9667,102.5,-33.34,100,86,1.36,overcast clouds
322,Honningsvag,NO,2022-02-05 16:56:09,70.9821,25.9704,29.7,71,59,28.63,broken clouds
323,Lucapa,AO,2022-02-05 16:56:09,-8.4192,20.7447,70.88,82,100,3.11,light rain
324,Krasnoarmeysk,RU,2022-02-05 16:56:10,51.0239,45.6969,13.05,95,76,11.56,broken clouds
325,Camacha,PT,2022-02-05 16:56:10,33.0833,-16.3333,66.52,72,20,20.71,few clouds
326,Verkhnevilyuysk,RU,2022-02-05 16:56:10,63.4453,120.3167,-18.99,100,97,2.33,overcast clouds
327,Iqaluit,CA,2022-02-05 16:56:10,63.7506,-68.5145,-25.31,60,75,1.99,broken clouds
328,Shetpe,KZ,2022-02-05 16:56:11,44.1667,52.1167,30.43,85,100,21.32,overcast clouds
329,Paka,MY,2022-02-05 16:56:11,4.6374,103.4368,80.53,83,89,9.22,overcast clouds
330,Itoman,JP,2022-02-05 16:56:11,26.1247,127.6694,59.02,58,100,18.41,overcast clouds
331,Jinchang,CN,2022-02-05 16:56:12,38.4953,102.1739,15.98,85,100,6.13,overcast clouds
332,Galanta,SK,2022-02-05 16:56:12,48.19,17.7275,43.03,60,15,9.08,few clouds
333,Paramirim,BR,2022-02-05 16:53:09,-13.4425,-42.2389,87.06,46,53,4.12,broken clouds
334,Esperance,AU,2022-02-05 16:56:12,-33.8667,121.9,67.84,70,2,18.72,clear sky
335,Hays,US,2022-02-05 16:56:13,30.0502,-98.0336,43.72,60,4,1.21,clear sky
336,Bosaso,SO,2022-02-05 16:56:13,11.2842,49.1816,75.15,66,91,1.16,overcast clouds
337,Port Hedland,AU,2022-02-05 16:56:13,-20.3167,118.5667,86.05,74,78,8.05,broken clouds
338,Malm,NO,2022-02-05 16:56:13,64.0721,11.2172,35.78,87,97,11.72,light rain
339,Kamyaran,IR,2022-02-05 16:56:14,34.7956,46.9355,38.01,93,52,4.88,broken clouds
340,Dong Hoi,VN,2022-02-05 16:56:14,17.4833,106.6,61.79,87,100,9.89,overcast clouds
341,Nchelenge,ZM,2022-02-05 16:56:14,-9.3451,28.734,70.59,82,100,3.91,light rain
342,Slantsy,RU,2022-02-05 16:56:15,59.1182,28.0914,27.52,96,100,8.28,snow
343,Saint-Ambroise,CA,2022-02-05 16:56:15,48.5501,-71.3324,0.14,65,86,9.22,overcast clouds
344,Piacabucu,BR,2022-02-05 16:56:16,-10.4056,-36.4344,86.11,53,100,12.71,overcast clouds
345,Great Yarmouth,GB,2022-02-05 16:56:16,52.6083,1.7305,49.3,77,100,26.93,overcast clouds
346,Annau,TM,2022-02-05 16:56:16,37.8876,58.516,45.9,76,75,6.91,broken clouds
347,Acarau,BR,2022-02-05 16:56:17,-2.8856,-40.12,84.58,67,91,15.9,overcast clouds
348,Emerald,AU,2022-02-05 16:56:17,-23.5333,148.1667,71.74,60,0,6.91,clear sky
349,Charleston,US,2022-02-05 16:56:17,32.7766,-79.9309,52.32,52,0,4.0,clear sky
350,Buchanan,LR,2022-02-05 16:56:17,5.8808,-10.0467,89.56,68,39,11.36,scattered clouds
351,Kalemie,CD,2022-02-05 16:56:18,-5.9475,29.1947,71.83,82,87,1.7,light rain
352,Urdoma,RU,2022-02-05 16:56:18,61.7533,48.5442,1.99,98,37,4.76,scattered clouds
353,Kalabo,ZM,2022-02-05 16:56:18,-14.97,22.6814,70.27,86,90,5.61,moderate rain
354,Loikaw,MM,2022-02-05 16:56:19,19.6742,97.2094,62.87,77,1,4.94,clear sky
355,Okha,RU,2022-02-05 16:56:19,53.5739,142.9478,3.96,92,100,20.83,overcast clouds
356,Asau,RO,2022-02-05 16:53:54,46.4333,26.4,40.12,95,56,3.15,broken clouds
357,Brokopondo,SR,2022-02-05 16:56:19,4.75,-55.1667,82.76,68,81,4.65,broken clouds
358,Coolum Beach,AU,2022-02-05 16:56:20,-26.5333,153.1,68.22,87,92,1.99,overcast clouds
359,Teahupoo,PF,2022-02-05 16:56:20,-17.8333,-149.2667,69.76,75,32,15.9,scattered clouds
360,Ipixuna,BR,2022-02-05 16:56:20,-1.7625,-48.8043,84.15,85,100,2.93,overcast clouds
361,Kruisfontein,ZA,2022-02-05 16:56:21,-34.0033,24.7314,68.88,75,89,20.45,overcast clouds
362,Bambanglipuro,ID,2022-02-05 16:56:21,-7.95,110.2833,62.6,86,93,6.26,overcast clouds
363,Jishou,CN,2022-02-05 16:56:21,28.3167,109.7167,42.67,75,99,7.94,overcast clouds
364,Souillac,MU,2022-02-05 16:53:51,-20.5167,57.5167,80.98,83,40,16.11,light rain
365,Nova Venecia,BR,2022-02-05 16:56:21,-18.7106,-40.4006,82.24,76,89,9.42,overcast clouds
366,Mari-Turek,RU,2022-02-05 16:56:22,56.7895,49.6235,26.58,98,100,5.66,overcast clouds
367,Fort Nelson,CA,2022-02-05 16:55:03,58.8053,-122.7002,-6.21,77,75,3.44,broken clouds
368,Sao Filipe,CV,2022-02-05 16:56:22,14.8961,-24.4956,75.34,67,0,9.37,clear sky
369,Meulaboh,ID,2022-02-05 16:56:00,4.1363,96.1285,75.97,88,100,6.49,overcast clouds
370,Caravelas,BR,2022-02-05 16:54:16,-17.7125,-39.2481,83.07,64,32,10.51,scattered clouds
371,Yuanping,CN,2022-02-05 16:56:22,38.7153,112.7575,25.54,29,100,4.32,overcast clouds
372,Houma,US,2022-02-05 16:52:21,29.5958,-90.7195,42.03,53,2,11.01,clear sky
373,Lompoc,US,2022-02-05 16:53:15,34.6391,-120.4579,65.12,56,0,10.36,clear sky
374,Trincomalee,LK,2022-02-05 16:56:23,8.5711,81.2335,79.3,72,26,13.71,scattered clouds
375,Tiksi,RU,2022-02-05 16:56:23,71.6872,128.8694,-22.02,98,100,7.56,overcast clouds
376,Maldonado,UY,2022-02-05 16:52:27,-34.6667,-54.9167,78.19,70,55,15.32,broken clouds
377,Aguimes,ES,2022-02-05 16:56:24,27.9054,-15.4461,68.67,60,0,5.75,clear sky
378,Prieska,ZA,2022-02-05 16:56:24,-29.6641,22.7474,87.55,22,10,6.4,clear sky
379,Nizhnevartovsk,RU,2022-02-05 16:56:24,60.9344,76.5531,15.82,92,100,2.24,light snow
380,Suntar,RU,2022-02-05 16:56:24,62.1444,117.6319,-22.59,100,50,3.47,scattered clouds
381,Salinas,US,2022-02-05 16:54:19,36.6777,-121.6555,57.97,66,98,3.87,overcast clouds
382,Manakara,MG,2022-02-05 16:56:25,-22.1333,48.0167,77.43,94,100,41.23,very heavy rain
383,Banjar,ID,2022-02-05 16:54:36,-8.19,114.9675,82.26,91,76,2.15,broken clouds
384,Svetlyy,RU,2022-02-05 16:56:25,54.675,20.1347,39.25,78,86,20.74,overcast clouds
385,Katherine,AU,2022-02-05 16:56:25,-14.4667,132.2667,75.52,94,96,0.0,overcast clouds
386,Colonia,DE,2022-02-05 16:52:53,50.9333,6.95,46.94,61,75,13.8,broken clouds
387,Lodja,CD,2022-02-05 16:56:25,-3.4833,23.4333,75.51,73,95,1.92,light rain
388,Vila Velha,BR,2022-02-05 16:56:26,-20.3297,-40.2925,82.94,73,75,13.0,broken clouds
389,San Cristobal,VE,2022-02-05 16:56:26,7.7669,-72.225,68.18,47,69,0.89,broken clouds
390,San Jose,US,2022-02-05 16:52:07,37.3394,-121.895,57.87,56,75,4.61,broken clouds
391,Ukiah,US,2022-02-05 16:56:26,39.1502,-123.2078,57.97,64,100,1.25,overcast clouds
392,San Policarpo,PH,2022-02-05 16:56:26,12.1791,125.5072,80.13,72,88,15.57,overcast clouds
393,Xining,CN,2022-02-05 16:56:27,36.6167,101.7667,12.9,89,100,3.8,light snow
394,Stege,DK,2022-02-05 16:56:27,54.987,12.2846,41.05,82,100,26.55,overcast clouds
395,Tuatapere,NZ,2022-02-05 16:56:27,-46.1333,167.6833,43.14,91,10,3.69,clear sky
396,Dabakala,CI,2022-02-05 16:56:28,8.3667,-4.4333,96.31,8,44,3.29,scattered clouds
397,Douglas,US,2022-02-05 16:56:28,41.3,-96.167,39.74,47,0,11.01,clear sky
398,Cabras,IT,2022-02-05 16:56:28,39.93,8.5314,51.08,73,93,12.3,overcast clouds
399,Bhilai,IN,2022-02-05 16:56:29,21.2167,81.4333,64.53,21,1,2.89,clear sky
400,Ayan,RU,2022-02-05 16:56:29,56.45,138.1667,-6.11,74,100,14.05,overcast clouds
401,Flin Flon,CA,2022-02-05 16:56:29,54.7682,-101.865,-13.16,70,75,8.05,broken clouds
402,Ponta Delgada,PT,2022-02-05 16:56:29,37.7333,-25.6667,63.32,72,20,17.27,few clouds
403,Galle,LK,2022-02-05 16:56:30,6.0367,80.217,77.77,78,22,5.7,few clouds
404,Northam,GB,2022-02-05 16:56:30,51.0333,-4.2167,51.42,88,100,27.47,overcast clouds
405,Nakhon Thai,TH,2022-02-05 16:56:30,17.1006,100.8374,78.39,59,94,3.6,overcast clouds
406,Sabang,ID,2022-02-05 16:56:31,5.8933,95.3214,81.43,77,82,12.17,broken clouds
407,Borodino,RU,2022-02-05 16:56:31,55.9106,94.8983,21.36,70,100,16.11,overcast clouds
408,Buala,SB,2022-02-05 16:56:31,-8.145,159.5921,80.78,84,91,7.27,overcast clouds
409,Berlevag,NO,2022-02-05 16:56:31,70.8578,29.0864,24.12,83,100,24.94,overcast clouds
410,Biak,ID,2022-02-05 16:55:53,-0.9131,122.8766,76.05,86,100,3.15,overcast clouds
411,Nouadhibou,MR,2022-02-05 16:56:32,20.931,-17.0347,73.38,64,0,14.97,clear sky
412,Umm Kaddadah,SD,2022-02-05 16:53:20,13.6017,26.6876,64.96,15,70,14.03,broken clouds
413,Nelson Bay,AU,2022-02-05 16:56:31,-32.7167,152.15,71.01,66,98,3.0,overcast clouds
414,Ardmore,US,2022-02-05 16:52:20,34.1743,-97.1436,35.38,61,0,5.75,clear sky
415,Shizukuishi,JP,2022-02-05 16:56:32,39.6833,140.9833,17.2,91,69,6.02,light snow
416,Salalah,OM,2022-02-05 16:56:32,17.0151,54.0924,72.28,78,1,3.2,clear sky
417,Birjand,IR,2022-02-05 16:56:33,32.8663,59.2211,41.47,93,100,11.5,mist
418,Rorvik,NO,2022-02-05 16:56:33,64.8621,11.2373,39.99,58,88,28.59,light rain
419,Bubaque,GW,2022-02-05 16:53:29,11.2833,-15.8333,79.27,60,0,13.8,clear sky
420,Green River,US,2022-02-05 16:56:33,41.5286,-109.4662,38.16,46,34,13.89,scattered clouds
421,Black River,JM,2022-02-05 16:56:34,18.0264,-77.8487,82.4,43,7,3.83,clear sky
422,Kutum,SD,2022-02-05 16:55:43,14.2,24.6667,62.33,16,11,12.03,few clouds
423,Boa Vista,BR,2022-02-05 16:56:34,2.8197,-60.6733,89.58,45,75,13.8,broken clouds
424,Severo-Yeniseyskiy,RU,2022-02-05 16:56:34,60.3725,93.0408,14.65,92,99,10.4,overcast clouds
425,Zeya,RU,2022-02-05 16:56:34,53.75,127.2667,-3.39,90,96,4.32,overcast clouds
426,Port Macquarie,AU,2022-02-05 16:56:35,-31.4333,152.9167,62.56,72,95,13.65,overcast clouds
427,Tukrah,LY,2022-02-05 16:56:35,32.5341,20.5791,56.23,71,8,15.9,clear sky
428,Tabas,IR,2022-02-05 16:56:35,33.5959,56.9244,52.43,37,82,4.09,broken clouds
429,Sasykoli,RU,2022-02-05 16:56:35,47.5515,46.9968,28.02,84,100,13.58,overcast clouds
430,Bonthe,SL,2022-02-05 16:56:36,7.5264,-12.505,84.81,61,89,13.76,overcast clouds
431,Faya,SA,2022-02-05 16:52:42,18.3851,42.4509,60.91,75,7,4.68,clear sky
432,Bud,US,2022-02-05 16:56:36,39.447,-86.1758,18.75,73,23,2.51,few clouds
433,Vilhena,BR,2022-02-05 16:56:36,-12.7406,-60.1458,82.62,74,40,11.5,scattered clouds
434,Kuching,MY,2022-02-05 16:56:36,1.55,110.3333,78.22,94,40,2.3,scattered clouds
435,Walvis Bay,NA,2022-02-05 16:56:37,-22.9575,14.5053,72.55,68,8,10.36,clear sky
436,Doka,SD,2022-02-05 16:56:37,13.5167,35.7667,76.15,24,20,12.53,few clouds
437,Te Anau,NZ,2022-02-05 16:56:37,-45.4167,167.7167,40.03,94,14,2.84,few clouds
438,Concepcion Del Oro,MX,2022-02-05 16:56:38,24.6333,-101.4167,46.04,57,35,6.53,scattered clouds
439,Rio Pomba,BR,2022-02-05 16:56:38,-21.2747,-43.1792,80.74,72,97,6.02,overcast clouds
440,Kyren,RU,2022-02-05 16:56:39,51.6828,102.1408,10.42,80,98,2.48,overcast clouds
441,Karpathos,GR,2022-02-05 16:56:39,35.507,27.2132,58.96,72,40,12.66,scattered clouds
442,Mackenzie,CA,2022-02-05 16:56:40,55.2999,-123.1698,37.62,56,20,13.8,few clouds
443,Bagotville,AU,2022-02-05 16:56:40,-28.9833,153.4167,71.42,97,84,16.15,broken clouds
444,Sri Aman,MY,2022-02-05 16:56:40,1.2376,111.4621,77.09,94,96,0.0,overcast clouds
445,Karasjok,NO,2022-02-05 16:56:41,69.4719,25.5112,23.11,91,100,15.01,overcast clouds
446,Monkey Hill,KN,2022-02-05 16:56:41,17.3167,-62.7167,81.14,74,40,13.8,scattered clouds
447,Sukumo,JP,2022-02-05 16:56:41,32.9333,132.7333,38.91,62,96,15.41,overcast clouds
448,Sao Joao Da Barra,BR,2022-02-05 16:56:10,-21.6403,-41.0511,87.89,80,82,22.91,broken clouds
449,Nidda,DE,2022-02-05 16:56:42,50.4167,9.0,41.54,75,88,7.0,overcast clouds
450,Sorong,ID,2022-02-05 16:56:42,-0.8833,131.25,81.16,81,100,14.29,overcast clouds
451,Vaitape,PF,2022-02-05 16:56:42,-16.5167,-151.75,80.78,70,12,18.5,few clouds
452,Hattiesburg,US,2022-02-05 16:54:38,31.3271,-89.2903,42.22,54,0,13.8,clear sky
453,Sambava,MG,2022-02-05 16:54:49,-14.2667,50.1667,76.57,89,100,6.29,light rain
454,Murud,IN,2022-02-05 16:56:43,18.3258,72.965,69.13,68,11,4.99,few clouds
455,Touros,BR,2022-02-05 16:53:20,-5.1989,-35.4608,88.7,51,21,13.51,few clouds
456,Nanortalik,GL,2022-02-05 16:56:43,60.1432,-45.2371,14.05,58,17,24.65,few clouds
457,Cockburn Town,TC,2022-02-05 16:56:43,21.4612,-71.1419,76.37,68,10,18.34,clear sky
458,Avera,US,2022-02-05 16:56:43,33.194,-82.5271,48.9,48,24,8.21,few clouds
459,Fortuna,US,2022-02-05 16:52:41,40.5982,-124.1573,43.66,97,100,8.05,overcast clouds
460,Port Lincoln,AU,2022-02-05 16:56:44,-34.7333,135.8667,65.8,80,100,15.99,overcast clouds
461,Kisangani,CD,2022-02-05 16:56:44,0.5167,25.2,76.53,71,95,4.85,overcast clouds
462,Sarny,UA,2022-02-05 16:56:44,51.338,26.6019,34.63,80,89,13.31,overcast clouds
463,Whitianga,NZ,2022-02-05 16:56:45,-36.8333,175.7,73.02,95,95,7.9,overcast clouds
464,San Lawrenz,MT,2022-02-05 16:56:45,36.0553,14.204,56.86,86,70,3.0,broken clouds
465,Hualmay,PE,2022-02-05 16:56:45,-11.0964,-77.6139,75.15,71,29,10.09,scattered clouds
466,Saint-Pierre,RE,2022-02-05 16:53:24,-21.3393,55.4781,83.88,65,0,12.66,clear sky
467,Najran,SA,2022-02-05 16:56:46,17.4924,44.1277,72.25,44,23,6.69,few clouds
468,Balabac,PH,2022-02-05 16:56:46,7.9868,117.0645,80.31,82,97,21.3,overcast clouds
469,Auki,SB,2022-02-05 16:56:47,-8.7676,160.7034,79.23,87,64,6.4,broken clouds
470,Mamallapuram,IN,2022-02-05 16:56:47,12.6264,80.1722,81.05,77,67,12.95,broken clouds
471,Ketchikan,US,2022-02-05 16:56:48,55.3422,-131.6461,40.03,97,100,7.67,light rain
472,Sampit,ID,2022-02-05 16:56:49,-2.5333,112.95,74.52,98,100,2.28,light rain
473,Toora-Khem,RU,2022-02-05 16:56:49,52.4675,96.11,-8.03,98,96,1.36,overcast clouds
474,Carrigaline,IE,2022-02-05 16:56:50,51.8117,-8.3986,51.62,80,75,19.57,broken clouds
475,Duyun,CN,2022-02-05 16:56:50,26.2667,107.5167,44.85,88,100,0.96,overcast clouds
476,Abnub,EG,2022-02-05 16:56:50,27.2696,31.1511,57.42,45,0,8.55,clear sky
477,Wanning,CN,2022-02-05 16:56:50,18.8003,110.3967,66.13,85,99,11.25,overcast clouds
478,Marzuq,YE,2022-02-05 16:56:51,14.4,46.4667,69.15,39,20,7.18,few clouds
479,Atikokan,CA,2022-02-05 16:56:51,48.7555,-91.6216,6.71,94,100,10.33,snow
480,Port-Gentil,GA,2022-02-05 16:56:51,-0.7193,8.7815,80.38,75,9,9.75,clear sky
481,Sharjah,AE,2022-02-05 16:56:52,25.3573,55.4033,75.18,44,0,1.14,clear sky
482,Silva Jardim,BR,2022-02-05 16:56:52,-22.6508,-42.3917,89.58,75,70,4.79,light rain
483,Alofi,NU,2022-02-05 16:56:52,-19.0595,-169.9187,75.09,94,100,4.61,overcast clouds
484,Kushmurun,KZ,2022-02-05 16:56:52,52.4503,64.6311,19.27,79,100,10.54,overcast clouds
485,Ahipara,NZ,2022-02-05 16:55:00,-35.1667,173.1667,70.86,98,98,6.29,overcast clouds
486,Tashtagol,RU,2022-02-05 16:56:53,52.7657,87.8894,3.27,98,12,2.59,few clouds
487,San Rafael,AR,2022-02-05 16:56:53,-34.6177,-68.3301,58.93,70,100,4.41,overcast clouds
488,Adre,TD,2022-02-05 16:56:53,13.4667,22.2,70.25,16,4,11.72,clear sky
489,Sakakah,SA,2022-02-05 16:56:54,29.9697,40.2064,58.57,56,45,11.34,scattered clouds
490,Tallahassee,US,2022-02-05 16:52:01,30.4383,-84.2807,49.32,59,75,1.01,broken clouds
491,Sungaipenuh,ID,2022-02-05 16:56:55,-2.0833,101.3833,64.89,100,100,1.66,overcast clouds
492,Asyut,EG,2022-02-05 16:56:55,27.181,31.1837,57.38,45,0,8.72,clear sky
493,Khorixas,NA,2022-02-05 16:56:55,-20.3667,14.9667,77.95,26,77,15.19,broken clouds
494,Strezhevoy,RU,2022-02-05 16:56:56,60.7333,77.5889,15.78,94,100,3.4,overcast clouds
495,Marsh Harbour,BS,2022-02-05 16:56:56,26.5412,-77.0636,73.87,59,0,2.86,clear sky
496,Ranong,TH,2022-02-05 16:56:56,9.9658,98.6348,75.63,90,29,4.92,scattered clouds
497,Kajaani,FI,2022-02-05 16:56:57,64.2273,27.7285,21.25,86,100,10.36,overcast clouds
498,Pachino,IT,2022-02-05 16:56:57,36.7186,15.0907,57.6,80,96,4.56,overcast clouds
499,Russell,US,2022-02-05 16:56:57,32.3502,-85.1999,44.38,53,0,8.99,clear sky
500,Jacqueville,CI,2022-02-05 16:56:57,5.2052,-4.4146,87.71,77,23,13.91,few clouds
501,Oranjemund,NA,2022-02-05 16:55:15,-28.55,16.4333,68.56,73,32,7.81,scattered clouds
502,Pinawa,CA,2022-02-05 16:56:58,50.1489,-95.8811,4.06,91,100,9.06,light snow
503,Verkhnyaya Inta,RU,2022-02-05 16:56:58,65.9811,60.3094,-11.22,97,29,3.27,scattered clouds
504,Batesville,US,2022-02-05 16:54:08,35.7698,-91.641,33.84,55,0,0.0,clear sky
505,Grado,ES,2022-02-05 16:56:58,43.388,-6.0743,51.24,74,20,4.61,few clouds
506,Grindavik,IS,2022-02-05 16:56:59,63.8424,-22.4338,28.35,86,75,8.05,broken clouds
507,Maragogi,BR,2022-02-05 16:56:59,-9.0122,-35.2225,84.27,61,82,11.23,broken clouds
508,Comodoro Rivadavia,AR,2022-02-05 16:56:59,-45.8667,-67.5,69.66,49,20,16.11,few clouds
509,Grevena,GR,2022-02-05 16:56:59,40.0845,21.4274,47.59,85,46,3.51,scattered clouds
510,Letpadan,MM,2022-02-05 16:57:00,17.7833,95.75,71.96,80,49,5.57,scattered clouds
511,Baoning,CN,2022-02-05 16:57:00,25.3378,110.026,44.46,65,40,11.18,scattered clouds
512,Tevaitoa,PF,2022-02-05 16:57:00,-16.7833,-151.5,80.6,71,13,18.01,few clouds
513,Inirida,CO,2022-02-05 16:57:00,3.8653,-67.9239,82.47,75,57,3.89,light rain
514,Alenquer,BR,2022-02-05 16:57:01,-1.9417,-54.7383,84.54,70,74,3.85,broken clouds
515,Belmonte,BR,2022-02-05 16:56:40,-15.8631,-38.8828,81.1,71,87,7.96,overcast clouds
516,Muravlenko,RU,2022-02-05 16:57:01,63.7898,74.523,-9.15,100,98,3.76,overcast clouds
517,Sao Paulo De Olivenca,BR,2022-02-05 16:56:10,-3.3783,-68.8725,77.02,82,100,3.71,overcast clouds
518,Bilma,NE,2022-02-05 16:57:02,18.6853,12.9164,66.61,16,0,4.41,clear sky
519,Valparaiso,CL,2022-02-05 16:57:02,-33.0393,-71.6273,71.83,62,0,11.5,clear sky
520,Lishui,CN,2022-02-05 16:57:02,28.4604,119.9103,41.52,81,92,3.2,overcast clouds
521,Tessalit,ML,2022-02-05 16:57:03,20.1986,1.0114,76.62,8,0,8.41,clear sky
522,Pisco,PE,2022-02-05 16:57:03,-13.7,-76.2167,68.05,83,44,9.22,scattered clouds
523,Mbigou,GA,2022-02-05 16:57:03,-1.9005,11.906,72.81,88,51,3.15,light rain
524,Dukat,RU,2022-02-05 16:57:03,62.55,155.55,-21.44,73,3,1.97,clear sky
525,Zhengjiatun,CN,2022-02-05 16:57:04,43.5064,123.5064,1.85,85,14,8.19,few clouds
526,Nguruka,TZ,2022-02-05 16:57:04,-5.1092,31.0419,67.19,92,88,3.6,light rain
527,Dunedin,NZ,2022-02-05 16:56:31,-45.8742,170.5036,49.8,79,44,5.79,scattered clouds
528,Klaksvik,FO,2022-02-05 16:55:35,62.2266,-6.589,36.52,92,97,43.96,overcast clouds
529,Ust-Tsilma,RU,2022-02-05 16:57:04,65.441,52.1498,-9.33,100,46,3.69,scattered clouds
530,Bourail,NC,2022-02-05 16:57:05,-21.5667,165.4833,76.66,91,34,3.76,scattered clouds
531,Altay,CN,2022-02-05 16:57:05,47.8667,88.1167,7.27,51,0,9.71,clear sky
532,Vestmannaeyjar,IS,2022-02-05 16:56:25,63.4427,-20.2734,31.19,51,20,9.22,few clouds
533,Makakilo City,US,2022-02-05 16:57:05,21.3469,-158.0858,71.29,88,0,5.88,clear sky
534,Stepnyak,KZ,2022-02-05 16:57:06,52.8339,70.7803,5.88,71,99,8.05,overcast clouds
535,Benguela,AO,2022-02-05 16:57:06,-12.5763,13.4055,78.87,64,63,8.05,broken clouds
536,Bowen,AU,2022-02-05 16:57:06,-20.0167,148.2333,70.02,74,9,17.65,clear sky
537,Carballo,ES,2022-02-05 16:57:06,43.213,-8.691,57.58,73,12,9.51,few clouds
538,Navrongo,GH,2022-02-05 16:57:07,10.8956,-1.0921,92.84,8,18,6.69,few clouds
539,Yining,CN,2022-02-05 16:57:07,29.0361,114.5636,39.22,85,75,3.31,broken clouds
540,Adana,TR,2022-02-05 16:57:07,36.985,35.2881,50.52,71,0,0.0,clear sky
541,Artigas,UY,2022-02-05 16:57:08,-30.4,-56.4667,91.29,28,33,17.31,scattered clouds
542,Huilong,CN,2022-02-05 16:57:08,31.8111,121.655,38.03,65,46,9.08,scattered clouds
543,Magdagachi,RU,2022-02-05 16:57:08,53.45,125.8,0.82,76,85,5.79,overcast clouds
544,Geraldton,AU,2022-02-05 16:56:36,-28.7667,114.6,68.41,88,1,4.61,clear sky
545,Nhulunbuy,AU,2022-02-05 16:57:08,-12.2333,136.7667,77.61,88,100,3.44,overcast clouds
546,Puerto Salgar,CO,2022-02-05 16:57:09,5.463,-74.6544,84.49,69,93,3.13,overcast clouds
547,Batemans Bay,AU,2022-02-05 16:57:09,-35.7167,150.1833,64.9,81,87,7.94,overcast clouds
548,Vegreville,CA,2022-02-05 16:57:09,53.5001,-112.0518,12.74,92,100,9.22,overcast clouds
549,Juneau,US,2022-02-05 16:57:09,58.3019,-134.4197,39.85,99,100,1.01,overcast clouds
550,Chara,RU,2022-02-05 16:57:10,56.9064,118.2631,-17.01,80,74,1.66,broken clouds
551,Constantine,DZ,2022-02-05 16:57:10,36.365,6.6147,56.61,54,75,8.05,broken clouds
552,Port Blair,IN,2022-02-05 16:53:57,11.6667,92.75,80.64,83,40,5.75,mist
553,Tricase,IT,2022-02-05 16:57:10,39.9304,18.3553,55.81,87,92,8.77,overcast clouds
554,Manado,ID,2022-02-05 16:57:11,1.487,124.8455,79.57,89,40,1.14,scattered clouds
555,Pontes E Lacerda,BR,2022-02-05 16:57:11,-15.2261,-59.3353,89.31,55,42,6.55,light rain
556,Port Hardy,CA,2022-02-05 16:56:21,50.6996,-127.4199,40.75,93,75,6.91,broken clouds
557,Sar-E Pul,AF,2022-02-05 16:57:11,35.8333,66.1667,42.89,69,75,6.02,broken clouds
558,Kavaratti,IN,2022-02-05 16:57:12,10.5669,72.642,78.98,61,39,11.36,scattered clouds
559,Bongandanga,CD,2022-02-05 16:57:12,1.5,21.05,83.01,31,33,2.93,scattered clouds
560,Takapau,NZ,2022-02-05 16:57:12,-40.0333,176.35,57.72,100,100,1.45,light rain
561,Florence,IT,2022-02-05 16:54:56,43.7667,11.25,57.24,80,20,5.75,few clouds
562,Nanning,CN,2022-02-05 16:57:06,22.8167,108.3167,52.25,66,100,3.09,light rain
563,Sao Gabriel Da Cachoeira,BR,2022-02-05 16:57:12,-0.1303,-67.0892,78.6,89,40,2.3,scattered clouds
564,Morgan City,US,2022-02-05 16:54:31,29.6994,-91.2068,42.04,56,0,16.11,clear sky
565,Turtas,RU,2022-02-05 16:57:13,58.9417,69.1325,22.57,93,100,4.56,overcast clouds
566,Simpang Empat,MY,2022-02-05 16:57:13,4.95,100.6333,80.96,94,85,3.42,overcast clouds
567,Rocha,UY,2022-02-05 16:57:14,-34.4833,-54.3333,73.31,74,87,9.22,overcast clouds
568,Road Town,VG,2022-02-05 16:57:14,18.4167,-64.6167,73.99,94,40,13.8,thunderstorm with light rain
569,Santo Amaro,BR,2022-02-05 16:53:15,-12.5467,-38.7119,86.04,52,100,7.76,overcast clouds
570,Celestun,MX,2022-02-05 16:57:14,20.8667,-90.4,74.48,72,93,17.69,overcast clouds
571,Broome,US,2022-02-05 16:57:14,42.2506,-75.833,18.21,76,98,3.0,overcast clouds
572,Virginia Beach,US,2022-02-05 16:54:16,36.8529,-75.978,41.05,57,20,4.0,few clouds
573,Malakal,SS,2022-02-05 16:57:15,9.5334,31.6605,79.9,15,100,8.16,overcast clouds
574,Batagay,RU,2022-02-05 16:57:15,67.6333,134.6333,-42.7,100,74,1.36,broken clouds
575,Tigil,RU,2022-02-05 16:57:15,57.8,158.6667,8.19,78,79,9.35,broken clouds
576,Umea,SE,2022-02-05 16:57:16,63.8284,20.2597,22.93,100,40,3.44,fog
577,Mahon,ES,2022-02-05 16:57:16,39.8885,4.2658,54.16,76,40,4.61,scattered clouds
578,Husavik,IS,2022-02-05 16:57:16,66.0449,-17.3389,12.11,96,99,15.1,snow
579,Ilhabela,BR,2022-02-05 16:55:55,-23.7781,-45.3581,85.1,67,100,1.34,overcast clouds
580,Acapulco,MX,2022-02-05 16:57:18,16.8634,-99.8901,82.58,49,2,4.12,clear sky
581,Tautira,PF,2022-02-05 16:53:19,-17.7333,-149.15,75.22,74,29,15.59,scattered clouds
582,Waverly,US,2022-02-05 16:57:18,42.7392,-84.6208,21.18,78,57,4.16,broken clouds
583,Sobolevo,RU,2022-02-05 16:57:18,54.4299,31.8996,23.2,96,100,12.15,light snow
584,Naujoji Akmene,LT,2022-02-05 16:57:19,56.3167,22.9,34.41,89,99,12.3,overcast clouds
585,Padang,ID,2022-02-05 16:57:19,-0.9492,100.3543,74.57,95,100,2.19,light rain
586,Rozsypne,UA,2022-02-05 16:57:19,48.1497,38.5762,15.26,98,67,3.62,broken clouds
587,Kemise,ET,2022-02-05 16:57:19,10.7167,39.8667,69.91,37,10,2.48,clear sky
588,Belyy Yar,RU,2022-02-05 16:57:20,53.6039,91.3903,-7.71,84,100,0.0,fog
589,Puerto Leguizamo,CO,2022-02-05 16:52:45,-0.1934,-74.7819,82.2,77,88,1.72,heavy intensity rain
590,Dharchula,IN,2022-02-05 16:57:20,29.85,80.5333,41.5,56,2,6.87,clear sky
591,Anadyr,RU,2022-02-05 16:53:25,64.75,177.4833,-22.45,96,4,3.44,clear sky
592,Oistins,BB,2022-02-05 16:57:19,13.0667,-59.5333,82.49,57,20,18.41,few clouds
593,Oni,GE,2022-02-05 16:57:20,42.5794,43.4425,20.73,98,100,2.55,light snow
594,Pedra,BR,2022-02-05 16:57:21,-8.4969,-36.9408,93.49,23,83,4.88,broken clouds
595,Port Augusta,AU,2022-02-05 16:57:21,-32.5,137.7667,76.71,29,41,13.47,scattered clouds
596,Praya,CV,2022-02-05 16:57:21,14.9215,-23.5087,82.94,32,0,19.57,clear sky
597,Irawan,PH,2022-02-05 16:57:22,9.8012,118.6923,77.25,84,79,9.8,broken clouds
598,Columbus,US,2022-02-05 16:52:46,39.9612,-82.9988,23.4,78,0,1.01,clear sky
599,Pochutla,MX,2022-02-05 16:57:22,15.7432,-96.4661,84.81,34,0,6.76,clear sky
600,Abu Dhabi,AE,2022-02-05 16:57:16,24.4667,54.3667,71.71,68,0,1.99,clear sky
601,Saquena,PE,2022-02-05 16:57:22,-4.6667,-73.5167,84.09,75,87,0.89,overcast clouds
602,Plettenberg Bay,ZA,2022-02-05 16:55:52,-34.0527,23.3716,71.76,77,2,21.12,clear sky
603,Marang,MY,2022-02-05 16:57:23,5.2056,103.2059,82.31,87,92,8.88,overcast clouds
604,Barcelos,PT,2022-02-05 16:57:23,41.5388,-8.6151,60.91,64,5,5.84,clear sky
605,Taoudenni,ML,2022-02-05 16:57:23,22.6783,-3.9836,80.82,6,33,9.55,scattered clouds
606,Oriximina,BR,2022-02-05 16:53:16,-1.7656,-55.8661,87.21,62,74,2.3,broken clouds
607,Aklavik,CA,2022-02-05 16:57:24,68.2191,-135.0107,-31.97,66,20,4.61,few clouds
608,Jackson,US,2022-02-05 16:57:24,42.4165,-122.8345,29.35,64,16,1.32,few clouds
609,Isangel,VU,2022-02-05 16:57:25,-19.55,169.2667,79.29,90,100,12.5,light rain
610,Nikitinskiy,RU,2022-02-05 16:57:25,54.5845,86.0115,6.08,92,100,4.25,overcast clouds
611,Daru,PG,2022-02-05 16:57:25,-9.0763,143.2092,77.74,92,100,8.03,overcast clouds
612,Cascais,PT,2022-02-05 16:57:25,38.6979,-9.4215,60.62,67,20,1.01,few clouds
613,Kenai,US,2022-02-05 16:57:26,60.5544,-151.2583,27.09,93,100,10.36,light snow
614,Bara,NG,2022-02-05 16:57:26,10.3744,10.7288,83.01,15,0,8.14,clear sky
615,Tramore,IE,2022-02-05 16:57:26,52.1624,-7.1524,51.1,76,40,5.01,scattered clouds
616,Paramonga,PE,2022-02-05 16:57:26,-10.6667,-77.8333,75.15,71,26,10.04,scattered clouds
617,Chunoyar,RU,2022-02-05 16:57:27,57.4467,97.3217,22.1,94,100,10.45,light snow
618,Novaya Ladoga,RU,2022-02-05 16:57:27,60.1025,32.3019,21.02,91,100,15.43,light snow
619,Capao Da Canoa,BR,2022-02-05 16:57:28,-29.7456,-50.0097,86.45,63,91,6.67,overcast clouds
620,Thessalon,CA,2022-02-05 16:57:28,46.2501,-83.5666,9.36,80,84,4.92,broken clouds
621,Stornoway,GB,2022-02-05 16:57:28,58.2093,-6.3865,35.56,85,40,8.99,light rain
622,Margate,GB,2022-02-05 16:57:28,51.3813,1.3862,49.69,73,89,10.0,overcast clouds
623,Xichang,CN,2022-02-05 16:57:29,27.8964,102.2634,45.41,75,88,1.57,overcast clouds
624,Odweyne,SO,2022-02-05 16:57:29,9.4092,45.064,68.79,32,85,11.07,overcast clouds
625,Springdale,US,2022-02-05 16:57:29,36.1867,-94.1288,36.82,56,0,4.0,clear sky
626,Patrocinio,BR,2022-02-05 16:57:29,-18.9439,-46.9925,81.95,65,100,5.17,overcast clouds
627,Teguise,ES,2022-02-05 16:57:30,29.0605,-13.564,66.42,43,0,12.66,clear sky
628,Matata,NZ,2022-02-05 16:57:30,-37.8833,176.75,72.59,94,91,7.74,overcast clouds
629,Marshfield,US,2022-02-05 16:56:05,44.6689,-90.1718,9.34,72,100,11.5,overcast clouds
630,Razgrad,BG,2022-02-05 16:57:30,43.5333,26.5167,39.99,77,10,6.2,clear sky
631,Abu Samrah,SY,2022-02-05 16:57:31,35.3029,37.1841,46.47,76,4,9.33,clear sky
632,Huron,US,2022-02-05 16:57:31,41.1501,-82.5499,21.0,78,95,5.26,overcast clouds
633,Chimoio,MZ,2022-02-05 16:57:31,-19.1164,33.4833,75.06,83,40,15.99,scattered clouds
634,Tual,ID,2022-02-05 16:57:31,-5.6667,132.75,82.99,77,100,9.22,overcast clouds
635,Sumy,UA,2022-02-05 16:56:40,50.9216,34.8003,20.23,95,99,10.27,snow
636,Estelle,US,2022-02-05 16:57:32,29.8458,-90.1067,43.05,56,1,5.99,clear sky
637,Cuamba,MZ,2022-02-05 16:57:32,-14.8031,36.5372,69.89,95,67,3.62,moderate rain
638,Flinders,AU,2022-02-05 16:55:55,-34.5833,150.8552,69.39,72,99,5.99,light rain
639,Zabol,AF,2022-02-05 16:57:33,32.25,67.25,44.53,32,71,2.24,broken clouds
640,Turukhansk,RU,2022-02-05 16:53:13,65.8167,87.9833,-7.26,99,96,4.9,overcast clouds
641,Dali,CN,2022-02-05 16:57:33,25.7,100.1833,41.52,91,60,5.32,light rain
642,Izhma,RU,2022-02-05 16:57:33,65.0083,53.9113,-9.35,100,29,2.86,scattered clouds
643,Sturgeon Bay,US,2022-02-05 16:55:58,44.8342,-87.377,12.6,72,20,3.44,few clouds
644,Kaeo,NZ,2022-02-05 16:57:33,-35.1,173.7833,72.32,98,96,8.14,overcast clouds
645,Yuli,NG,2022-02-05 16:57:34,9.6989,10.2744,86.11,14,2,7.45,clear sky
646,Tayoltita,MX,2022-02-05 16:57:34,24.0833,-105.9333,73.8,34,0,2.35,clear sky
647,Nadym,RU,2022-02-05 16:57:34,65.5333,72.5167,-15.93,100,87,4.0,overcast clouds
648,Akdepe,TM,2022-02-05 16:57:35,42.0551,59.3788,46.49,81,100,13.85,overcast clouds
649,Krasnokamensk,RU,2022-02-05 16:57:35,50.0979,118.0369,-8.59,91,99,4.74,overcast clouds
650,Mangrol,IN,2022-02-05 16:57:36,21.1167,70.1167,67.51,65,4,6.06,clear sky
651,Leshukonskoye,RU,2022-02-05 16:57:36,64.8989,45.7622,4.48,95,95,7.34,overcast clouds
652,Morro Bay,US,2022-02-05 16:57:36,35.3658,-120.8499,61.09,37,37,7.76,scattered clouds
653,Santa Isabel Do Rio Negro,BR,2022-02-05 16:57:36,-0.4139,-65.0192,79.7,76,100,1.77,overcast clouds
654,Uruana,BR,2022-02-05 16:57:37,-15.4981,-49.6875,85.05,61,79,2.15,moderate rain
655,Uige,AO,2022-02-05 16:57:37,-7.6087,15.0613,77.02,69,100,9.22,overcast clouds
656,Monrovia,LR,2022-02-05 16:57:37,6.3005,-10.7969,89.37,70,11,12.64,few clouds
657,Ouro Preto Do Oeste,BR,2022-02-05 16:57:37,-10.7481,-62.2158,83.39,69,99,7.58,overcast clouds
658,Point Pedro,LK,2022-02-05 16:57:38,9.8167,80.2333,78.48,75,58,13.44,broken clouds
659,Santarem,BR,2022-02-05 16:57:38,-2.4431,-54.7083,84.33,79,20,3.44,few clouds
660,Alice Springs,AU,2022-02-05 16:57:17,-23.7,133.8833,60.35,88,0,0.0,clear sky
661,Buzescu,RO,2022-02-05 16:57:38,44.0167,25.2333,45.99,73,27,10.89,scattered clouds
662,Turinsk,RU,2022-02-05 16:57:39,58.0458,63.696,19.94,94,100,5.23,overcast clouds
663,Jaciara,BR,2022-02-05 16:53:14,-15.9653,-54.9683,86.81,63,67,4.74,broken clouds
664,Sibinal,GT,2022-02-05 16:57:39,15.1333,-92.05,57.74,52,38,1.25,scattered clouds
665,Nizhniy Kuranakh,RU,2022-02-05 16:57:39,58.8353,125.4869,-9.47,100,100,3.51,overcast clouds
666,Ustye,RU,2022-02-05 16:57:40,59.6304,39.736,0.64,99,54,4.38,broken clouds
667,Riyadh,SA,2022-02-05 16:56:25,24.6877,46.7219,60.94,26,0,12.19,clear sky
668,Tres Passos,BR,2022-02-05 16:57:40,-27.4556,-53.9319,72.59,84,100,4.14,moderate rain
669,Vagur,FO,2022-02-05 16:57:40,61.4732,-6.8119,36.77,70,72,49.46,broken clouds
670,Bria,CF,2022-02-05 16:57:40,6.5423,21.9863,85.14,17,81,6.58,broken clouds
671,Taltal,CL,2022-02-05 16:57:41,-25.4,-70.4833,71.47,67,11,5.64,few clouds
672,Providencia,MX,2022-02-05 16:57:41,28.7167,-111.5833,65.48,25,0,11.01,clear sky
673,Almaznyy,RU,2022-02-05 16:57:41,48.0448,40.045,24.94,90,98,7.7,overcast clouds
674,Baherden,TM,2022-02-05 16:57:41,38.4362,57.4316,48.36,64,100,13.4,overcast clouds
675,Byron Bay,AU,2022-02-05 16:57:32,-28.65,153.6167,66.15,72,85,20.18,light rain
676,Srednekolymsk,RU,2022-02-05 16:57:42,67.45,153.6833,-39.89,100,47,3.94,scattered clouds
677,Monroe,US,2022-02-05 16:55:53,43.1501,-77.6831,18.52,69,28,5.01,scattered clouds
678,Fomboni,KM,2022-02-05 16:56:07,-12.28,43.7425,82.92,73,74,16.06,broken clouds
679,Puerto Del Rosario,ES,2022-02-05 16:57:42,28.5004,-13.8627,69.55,60,0,8.05,clear sky
680,Gympie,AU,2022-02-05 16:57:42,-26.1898,152.665,67.17,86,86,7.14,overcast clouds
681,Harwich,GB,2022-02-05 16:57:43,51.9419,1.2844,50.56,71,98,8.99,overcast clouds
682,Salamanca,ES,2022-02-05 16:57:43,40.8333,-6.0,50.99,61,9,12.06,clear sky
683,Kuldiga,LV,2022-02-05 16:57:43,56.974,21.9572,37.09,88,95,9.91,overcast clouds
684,Along,IN,2022-02-05 16:57:44,28.1667,94.7667,47.01,98,98,1.39,overcast clouds
685,Bulgan,MN,2022-02-05 16:57:44,48.8125,103.5347,-2.85,87,32,4.47,scattered clouds
686,Bathsheba,BB,2022-02-05 16:57:32,13.2167,-59.5167,83.01,57,20,18.41,few clouds
687,Uruacu,BR,2022-02-05 16:57:44,-14.5247,-49.1408,86.79,59,85,0.63,overcast clouds
688,Gulu,UG,2022-02-05 16:57:44,2.7746,32.299,78.84,28,100,4.27,overcast clouds
689,Necochea,AR,2022-02-05 16:57:45,-38.5473,-58.7368,65.03,75,100,24.0,overcast clouds
690,Elizabeth City,US,2022-02-05 16:56:53,36.2946,-76.2511,42.03,58,71,8.01,broken clouds
691,Dunkwa,GH,2022-02-05 16:57:45,5.9656,-1.78,92.57,40,57,9.93,broken clouds
692,Tahoua,NE,2022-02-05 16:57:45,14.8888,5.2692,82.38,5,0,11.5,dust
693,Nogliki,RU,2022-02-05 16:57:46,51.8333,143.1667,5.23,91,100,21.99,overcast clouds
694,Ambilobe,MG,2022-02-05 16:57:00,-13.2,49.05,74.46,93,98,7.14,light rain
695,Sunrise Manor,US,2022-02-05 16:57:46,36.2111,-115.0731,51.31,31,0,0.0,clear sky
696,Thinadhoo,MV,2022-02-05 16:57:46,0.5333,72.9333,82.76,73,100,13.44,overcast clouds
697,Boli,CN,2022-02-05 16:57:47,45.7667,130.5167,0.27,90,54,11.99,broken clouds
698,Thai Binh,VN,2022-02-05 16:57:47,20.45,106.3333,57.2,76,98,4.32,overcast clouds
699,Agirish,RU,2022-02-05 16:57:47,61.9247,63.0231,15.26,96,100,5.88,light snow
700,Komatsu,JP,2022-02-05 16:57:48,36.4026,136.4509,32.25,86,100,19.57,overcast clouds
701,Anandnagar,IN,2022-02-05 16:57:48,27.1,83.2833,53.02,82,0,5.75,clear sky
702,Carnduff,CA,2022-02-05 16:57:49,49.1667,-101.8009,14.52,93,100,4.5,overcast clouds
703,Wawa,NG,2022-02-05 16:57:49,9.9022,4.4192,89.2,15,5,6.31,clear sky
704,Wonthaggi,AU,2022-02-05 16:57:50,-38.6044,145.5913,62.67,80,95,17.74,overcast clouds
705,Biliran,PH,2022-02-05 16:57:50,11.4667,124.4753,74.53,88,64,8.21,broken clouds
